ACCIDENT_YEAR,COLLISION_DATE,COLLISION_TIME,MONTH,SEASON,24HOURS,DAY_OF_WEEK,INTERSECTION,WEATHER_1,STATE_HWY_IND,ROAD_SURFACE,ROAD_COND_1,LIGHTING,STWD_VEHTYPE_AT_FAULT,CHP_VEHTYPE_AT_FAULT,DIRECTION,PCF_VIOL_CATEGORY,TYPE_OF_COLLISION,PEDESTRIAN_ACCIDENT,BICYCLE_ACCIDENT,MOTORCYCLE_ACCIDENT,TRUCK_ACCIDENT,MVIW,TOW_AWAY,HIT_AND_RUN,CONTROL_DEVICE,NUMBER_INJURED,COUNT_PED_INJURED,COUNT_BICYCLIST_INJURED,COUNT_MC_INJURED,PCF_VIOLATION,PARTY_COUNT,POINT_Y,POINT_X,COLLISION_SEVERITY
2012,2012-03-23,1640,3,1,16,5,N,B,Y,A,H,A,C,02,E,03,F,,,Y,,A,Y,N,D,1,0,0,1,22350.0,1,38.20764503,-122.25602319,4
2012,2012-03-24,1615,3,1,16,6,N,C,N,B,H,A,A,01,E,03,F,,,,,I,Y,N,D,1,0,0,0,22350.0,1,38.8417327,-122.37596869,3
2012,2012-03-27,1555,3,1,15,2,N,B,N,B,H,A,A,01,N,03,F,,,,,I,Y,N,A,1,0,0,0,22350.0,1,38.50249372,-122.43369795,4
2011,2011-09-03,1211,9,3,12,6,Y,A,N,A,H,A,L,04,,11,H,,Y,,,G,N,N,D,1,0,1,0,21950.0,2,38.16622,-122.2712,3
2012,2012-04-11,1248,4,1,12,3,Y,A,N,A,H,A,A,01,,12,D,,,,,C,N,N,A,1,0,0,0,21453.0,2,38.29743496,-122.29342326,4
2012,2012-03-07,1612,3,1,16,3,Y,A,N,A,H,A,A,01,,10,G,Y,,,,B,N,N,A,1,1,0,0,21952.0,2,38.2972049,-122.29111311,4
2012,2012-03-29,1144,3,1,11,4,Y,B,Y,A,H,A,A,01,,12,D,,,,,C,Y,N,A,2,0,0,0,21453.0,2,38.28513504,-122.30070321,4
2012,2012-04-13,1527,4,1,15,5,N,B,Y,A,H,A,A,01,S,08,D,,,,Y,C,N,N,A,2,0,0,0,22107.0,2,38.28023831,-122.27404583,4
2012,2012-04-17,917,4,1,9,2,N,A,N,A,H,A,D,22,S,05,G,Y,,,,B,N,N,D,1,1,0,0,21650.0,2,38.28724805,-122.27494298,3
2012,2012-04-07,1530,4,1,15,6,N,A,Y,A,H,A,C,02,S,08,F,,,Y,,A,Y,N,D,2,0,0,2,22107.0,1,38.40285934,-122.20508127,4
2012,2012-04-09,1805,4,1,18,1,N,B,Y,A,H,A,A,01,N,03,E,,,,,I,N,N,D,4,0,0,0,22350.0,1,38.38381428,-122.20039427,3
2012,2012-04-06,125,4,1,1,5,N,A,N,A,H,C,A,01,S,05,D,,,,,C,Y,N,A,1,0,0,0,21650.0,2,38.31146588,-122.2762325,4
2012,2012-04-09,1240,4,1,12,1,N,A,N,A,H,A,A,01,N,08,E,,,,,I,Y,N,A,1,0,0,0,22107.0,1,38.48581369,-122.18998178,4
2012,2012-03-25,625,3,1,6,7,N,C,N,B,H,B,A,01,N,08,E,,,,,I,Y,N,D,1,0,0,0,22107.0,1,38.57692149,-122.53358787,4
2012,2012-04-24,743,4,1,7,2,N,A,N,A,H,A,A,01,S,09,H,,Y,,,G,N,N,D,1,0,1,0,21801.0,2,38.28110113,-122.29353726,3
2012,2012-04-24,824,4,1,8,2,N,B,N,A,H,A,-,- ,N,00,D,,,,,C,N,N,D,2,0,0,0,,2,38.29216638,-122.30027065,4
2012,2012-04-16,1613,4,1,16,1,Y,A,N,A,H,A,A,07,,10,G,Y,,,,B,N,N,A,1,1,0,0,21950.0,2,38.30719488,-122.30239318,4
2012,2012-04-14,927,4,1,9,6,Y,A,N,A,H,A,A,01,,12,D,,,,,C,Y,N,A,1,0,0,0,21453.0,2,38.33049496,-122.31760324,4
2012,2012-04-07,1610,4,1,16,6,N,A,Y,A,H,A,A,01,S,05,A,,,,,C,Y,N,D,2,0,0,0,21460.0,3,38.25567529,-122.3299918,2
2012,2012-04-05,800,4,1,8,4,N,A,N,A,H,A,A,01,S,08,E,,,,,J,Y,N,D,1,0,0,0,22107.0,1,38.337297,-122.28191286,2
2012,2012-04-17,2140,4,1,21,2,N,A,Y,A,H,D,A,01,N,08,E,,,,,I,,N,D,2,0,0,0,22107.0,1,38.48743505,-122.35310324,4
2012,2012-04-08,1830,4,1,18,7,N,A,Y,A,H,A,A,01,N,01,A,,,,,C,Y,N,D,1,0,0,0,23152.0,2,38.25618355,-122.32704149,3
2012,2012-04-08,920,4,1,9,7,N,A,Y,A,H,A,A,01,E,01,A,,,,,C,Y,N,D,2,0,0,0,23152.0,2,38.21453494,-122.21818036,2
2012,2012-04-16,1739,4,1,17,1,Y,A,N,A,H,A,A,01,,03,C,,,,,C,Y,N,D,1,0,0,0,22350.0,2,38.31687494,-122.30794317,4
2012,2012-04-14,22,4,1,0,6,Y,A,N,A,H,C,A,01,,01,D,,,,,C,N,M,A,1,0,0,0,23152.0,2,38.32102495,-122.31030321,4
2012,2012-04-09,955,4,1,9,1,N,A,N,A,H,A,A,01,N,08,D,,,,,C,N,N,A,1,0,0,0,22107.0,2,38.30341259,-122.29430708,4
2012,2012-05-02,1352,5,1,13,3,Y,A,Y,A,H,A,D,22,,03,C,,,,,C,N,N,A,1,0,0,0,22350.0,4,38.18098361,-122.25510193,4
2012,2012-04-24,2114,4,1,21,2,Y,A,N,A,H,C,A,01,,09,D,,,,,C,Y,N,A,1,0,0,0,21802.0,2,38.29489492,-122.29384316,4
2012,2012-04-26,1756,4,1,17,4,N,A,N,A,H,A,D,22,S,03,C,,,,,C,Y,N,D,3,0,0,0,22350.0,2,38.30379489,-122.29442128,4
2012,2012-04-20,1615,4,1,16,5,Y,A,N,A,H,A,L,04,,05,-,,Y,,,G,N,N,D,1,0,1,0,21650.0,2,38.30919494,-122.29131313,4
2012,2012-04-20,1743,4,1,17,5,Y,A,N,A,H,A,A,01,,03,C,,,,,C,N,N,A,1,0,0,0,22350.0,2,38.28165496,-122.28917314,4
2012,2012-04-30,311,4,1,3,1,Y,A,N,A,H,C,A,01,,01,A,,,,,J,Y,N,A,1,0,0,0,23152.0,1,38.32280499,-122.33206313,2
2012,2012-03-27,1043,3,1,10,2,Y,B,N,B,H,A,D,22,,10,G,Y,,,,B,N,N,A,1,1,0,0,21950.0,2,38.30060498,-122.28662312,4
2012,2012-04-19,805,4,1,8,4,N,A,N,A,H,A,D,22,E,03,C,,,,,C,N,N,A,2,0,0,0,22350.0,3,38.31570071,-122.29772841,4
2012,2012-04-29,1455,4,1,14,7,N,A,Y,A,H,A,D,22,N,03,C,,,,,C,Y,N,A,1,0,0,0,22350.0,3,38.17997813,-122.25472247,4
2012,2012-05-02,1145,5,1,11,3,N,A,Y,A,H,A,G,25,E,03,C,,,,Y,C,N,M,A,2,0,0,0,22350.0,2,38.50873354,-122.47635716,4
2012,2012-04-23,755,4,1,7,1,N,A,Y,A,H,A,F,26,E,03,C,,,,Y,C,Y,N,D,1,0,0,0,22350.0,2,38.21821504,-122.22871319,4
2012,2012-04-19,1408,4,1,14,4,Y,A,Y,A,-,A,A,01,,12,D,,,,,C,Y,N,A,1,0,0,0,21453.0,2,38.34003738,-122.32440953,4
2012,2012-04-26,443,4,1,4,4,Y,A,N,A,H,C,A,01,,12,D,,,,,C,Y,N,A,1,0,0,0,21453.0,2,38.29653494,-122.29356325,4
2012,2012-05-01,806,5,1,8,2,N,A,N,A,H,A,A,07,N,03,C,,,,,C,Y,N,A,1,0,0,0,22350.0,3,38.30626991,-122.30207384,4
2012,2012-04-19,2230,4,1,22,4,N,A,Y,A,H,D,A,01,W,08,D,,,,,C,Y,N,D,1,0,0,0,22107.0,2,38.25515338,-122.332853,4
2012,2012-04-18,2110,4,1,21,3,N,A,N,A,H,D,A,01,S,08,E,,,,,I,Y,N,D,6,0,0,0,22107.0,1,38.28606534,-122.33960043,2
2012,2012-04-23,1735,4,1,17,1,N,A,N,A,H,A,A,07,N,08,E,,,,,I,Y,N,D,1,0,0,0,22107.0,1,38.24434431,-122.31636333,4
2012,2012-04-30,1954,4,1,19,1,N,A,N,A,B,A,C,02,E,01,F,,,Y,,A,Y,N,A,1,0,0,1,23152.0,1,38.26022684,-122.3042281,2
2012,2012-04-29,1650,4,1,16,7,N,A,N,A,H,A,A,01,W,08,E,,,,,J,N,N,D,1,0,0,0,22107.0,1,38.37483664,-122.19140191,4
2012,2012-05-01,1635,5,1,16,2,N,A,N,A,H,A,A,01,N,08,E,,,,,I,Y,N,D,2,0,0,0,22107.0,1,38.42800703,-122.34150005,3
2012,2012-04-15,2500,4,1,25,7,N,A,Y,A,H,A,-,- ,N,18,E,,,,,I,Y,N,D,1,0,0,0,,1,38.65514691,-122.59741173,3
2012,2012-04-21,150,4,1,1,6,N,A,Y,A,H,C,A,07,N,01,E,,,,,I,Y,N,D,1,0,0,0,23152.0,1,38.20897102,-122.25610083,3
2012,2012-04-20,1440,4,1,14,5,N,A,Y,A,B,A,C,02,W,17,E,,,Y,,I,Y,N,A,1,0,0,1,21662.0,1,38.48898542,-122.29731046,3
2012,2012-04-19,1055,4,1,10,4,N,A,Y,A,H,A,L,04,S,05,F,,Y,,,A,N,N,A,1,0,1,0,21650.0,1,38.43635584,-122.20521551,3
2012,2012-05-06,303,5,1,3,7,Y,A,N,A,H,C,A,01,E,01,A,,,,,C,Y,N,D,1,0,0,0,23152.0,2,38.29534521,-122.2902308,3
2012,2012-05-04,1504,5,1,15,5,N,A,N,A,H,A,A,01,W,21,C,,,,,C,N,N,A,1,0,0,0,22106.0,2,38.31062386,-122.27663688,4
2012,2012-04-30,728,4,1,7,1,Y,A,N,A,H,A,-,99,,08,C,,,,,C,N,F,A,1,0,0,0,22107.0,3,38.31022488,-122.28521317,4
2012,2012-04-29,1520,4,1,15,7,Y,A,Y,A,H,A,A,01,,21,C,,,Y,,C,N,N,A,1,0,0,1,22106.0,2,38.31897829,-122.30828412,4
2012,2012-05-02,1406,5,1,14,3,N,A,Y,A,H,A,A,08,S,03,C,,,,,C,N,N,A,1,0,0,0,22350.0,3,38.1792586,-122.25460499,4
2012,2012-05-03,1125,5,1,11,4,N,B,Y,A,H,A,E,22,E,03,C,,,,,C,Y,N,D,1,0,0,0,22350.0,3,38.22258878,-122.25295852,4
2012,2012-04-20,913,4,1,9,5,Y,A,N,A,H,A,A,01,,12,D,,,,,C,Y,N,A,1,0,0,0,21453.0,2,38.29653494,-122.29356325,4
2012,2012-05-05,739,5,1,7,6,Y,A,N,A,H,A,A,01,,09,D,,,,,C,Y,N,A,1,0,0,0,21804.0,3,38.30857488,-122.28521319,4
2012,2012-05-06,2050,5,1,20,7,N,A,N,A,H,C,A,01,N,01,C,,,,,C,Y,N,D,2,0,0,0,23152.0,1,38.28991101,-122.30196053,3
2012,2012-05-08,1550,5,1,15,2,N,A,Y,A,H,A,A,01,N,03,C,,,,,C,Y,N,A,1,0,0,0,22350.0,2,38.31379151,-122.30661591,4
2012,2012-05-14,1735,5,1,17,1,N,A,Y,A,H,A,A,07,E,03,C,,,,,C,Y,N,D,1,0,0,0,22350.0,3,38.21779052,-122.227516,4
2012,2012-04-28,450,4,1,4,6,N,A,Y,A,H,D,A,01,N,01,E,,,,,I,Y,N,D,1,0,0,0,23152.0,1,38.64884748,-122.59084572,3
2012,2012-04-12,1305,4,1,13,4,N,B,Y,B,H,A,A,01,N,08,E,,,,,I,Y,N,D,1,0,0,0,22107.0,1,38.60454955,-122.59269052,4
2012,2012-05-04,250,5,1,2,5,N,B,N,B,H,D,A,07,E,01,E,,,,,I,Y,N,D,1,0,0,0,23152.0,1,38.55282639,-122.4720633,2
2012,2012-05-09,1300,5,1,13,3,Y,A,Y,A,H,A,-,- ,,00,A,,,,,C,Y,N,A,1,0,0,0,,2,,,4
2012,2012-05-10,1815,5,1,18,4,N,-,N,A,H,A,A,07,N,08,A,,,,,C,Y,F,D,2,0,0,0,22107.0,3,38.32569765,-122.27698973,4
2012,2012-05-06,1010,5,1,10,7,N,A,N,A,H,A,C,02,W,01,A,,,Y,,C,Y,N,A,1,0,0,1,23152.0,2,38.40862291,-122.45592112,2
2012,2012-05-04,1750,5,1,17,5,N,A,Y,A,H,A,A,01,S,03,C,,,,,C,Y,N,D,2,0,0,0,22350.0,3,38.44999989,-122.41466746,4
2011,2011-12-08,1338,12,4,13,4,Y,A,N,A,H,A,A,01,,06,G,Y,,,,B,N,N,A,1,1,0,0,21951.0,2,38.30706,-122.29535,3
2012,2012-05-04,1642,5,1,16,5,N,A,Y,A,H,A,D,22,N,03,C,,,,,C,N,N,A,2,0,0,0,22350.0,2,38.40755274,-122.37180877,4
2012,2012-05-08,1725,5,1,17,2,N,A,Y,A,H,A,D,22,S,03,C,,,,,C,Y,N,A,1,0,0,0,22350.0,3,38.23953685,-122.26657303,4
2012,2012-04-25,642,4,1,6,3,Y,B,Y,A,H,A,D,22,N,01,D,,,,,C,Y,N,A,2,0,0,0,23152.0,2,38.56502865,-122.55828786,2
2012,2012-05-08,1325,5,1,13,2,N,A,Y,A,H,A,C,02,E,06,C,,,Y,Y,C,Y,N,D,1,0,0,1,21755.0,2,38.58578222,-122.60382529,3
2012,2012-05-07,1615,5,1,16,1,N,A,Y,A,H,A,-,- ,,03,C,,,,,C,N,N,D,1,0,0,0,22350.0,2,38.4991033,-122.46187913,4
2012,2012-05-16,1317,5,1,13,3,N,A,Y,A,H,A,A,01,S,03,C,,,,,C,Y,N,D,1,0,0,0,22350.0,2,38.18859601,-122.2555463,4
2012,2012-04-20,1149,4,1,11,5,N,A,Y,-,-,A,A,01,N,03,C,,,,,C,N,N,D,1,0,0,0,22350.0,2,38.50140265,-122.46448177,4
2012,2012-05-04,1330,5,1,13,5,N,A,N,A,H,A,D,22,N,04,C,,,,,C,Y,N,D,1,0,0,0,21703.0,2,38.43316678,-122.34699731,3
2012,2012-05-09,1453,5,1,14,3,N,A,Y,A,H,A,D,22,N,01,C,,,,,C,Y,N,D,4,0,0,0,23152.0,4,38.17364442,-122.25389196,4
2012,2012-05-02,1341,5,1,13,3,Y,A,N,A,H,A,A,01,,09,D,,,,,C,Y,N,A,2,0,0,0,21801.0,2,38.28856498,-122.27543321,4
2012,2012-05-19,1224,5,1,12,6,Y,A,N,A,H,A,C,02,,05,H,,,Y,,C,Y,N,A,2,0,0,2,21651.0,2,38.29743496,-122.29342326,3
2012,2012-05-04,2006,5,1,20,5,N,A,N,A,H,A,L,04,N,05,E,,Y,,,I,N,N,D,1,0,1,0,21650.0,2,38.29156602,-122.2669512,3
2012,2012-05-18,1255,5,1,12,5,Y,A,Y,A,H,A,A,01,,12,D,,,,,C,Y,N,A,1,0,0,0,21453.0,2,38.31865721,-122.30800952,4
2012,2012-04-23,808,4,1,8,1,Y,B,N,A,H,A,D,22,,03,C,,,,,C,N,N,A,1,0,0,0,22350.0,3,38.30737495,-122.30130319,4
2012,2012-05-24,738,5,1,7,4,N,A,Y,A,H,A,A,01,S,03,C,,,,,C,N,N,A,1,0,0,0,22350.0,4,38.17882654,-122.25453753,4
2012,2012-05-22,1150,5,1,11,2,N,A,Y,A,H,A,A,07,S,03,C,,,,,C,Y,N,D,1,0,0,0,22350.0,2,38.19337961,-122.25602777,4
2012,2012-05-15,1723,5,1,17,2,Y,A,N,A,H,A,D,22,,22,B,,,,,C,,N,-,1,0,0,0,,3,38.17711495,-122.25426311,4
2012,2012-05-23,1545,5,1,15,3,N,A,N,A,H,A,A,01,W,03,C,,,,,C,N,N,D,3,0,0,0,22350.0,2,38.17142245,-122.25199878,4
2012,2012-05-15,1910,5,1,19,2,Y,A,N,A,H,A,A,01,,09,A,,,Y,,C,Y,N,A,1,0,0,1,21801.0,2,38.30466494,-122.2946732,2
2012,2012-05-25,1353,5,1,13,5,N,B,N,A,H,A,A,07,S,03,C,,,,,C,N,N,A,1,0,0,0,22350.0,2,38.30088515,-122.29356997,4
2012,2012-05-06,2048,5,1,20,7,N,A,N,A,H,C,A,01,N,01,A,,,,,E,N,M,D,2,0,0,0,23152.0,3,38.29401978,-122.30448848,2
2012,2012-05-06,2049,5,1,20,7,N,A,N,A,H,C,A,01,N,01,C,,,,,C,N,N,D,2,0,0,0,23152.0,2,38.29123318,-122.30231443,2
2012,2012-05-18,1755,5,1,17,5,Y,A,N,A,H,A,C,02,,03,C,,,Y,,C,Y,N,A,1,0,0,1,22350.0,2,38.2983549,-122.29418326,4
2012,2012-05-17,1707,5,1,17,4,N,A,Y,A,H,A,A,01,E,03,C,,,,,C,Y,N,D,1,0,0,0,22350.0,2,38.28136198,-122.28558089,4
2012,2012-05-18,405,5,1,4,5,N,A,Y,A,H,D,A,01,N,08,E,,,,,I,Y,N,D,1,0,0,0,22107.0,1,38.24297822,-122.27684647,3
2012,2012-05-24,1635,5,1,16,4,N,A,Y,A,H,A,D,22,S,03,C,,,,,C,Y,N,D,2,0,0,0,22350.0,4,38.26234254,-122.29968107,4
2012,2012-05-25,1535,5,1,15,5,N,B,N,B,H,A,D,22,N,05,A,,,,,C,Y,N,D,1,0,0,0,21650.0,2,38.29274113,-122.22199842,3
2012,2012-05-18,415,5,1,4,5,N,A,Y,A,H,C,F,27,N,03,C,,,,Y,C,Y,N,A,2,0,0,0,22350.0,2,38.24154083,-122.26960287,2
2012,2012-05-10,1453,5,1,14,4,N,A,N,A,H,A,A,01,S,09,A,,,,,C,Y,N,D,1,0,0,0,21801.0,2,38.57547263,-122.45564546,4
2012,2012-03-27,2110,3,1,21,2,N,C,Y,B,H,C,A,08,N,05,A,,,,,C,Y,N,D,5,0,0,0,21460.0,2,38.55350464,-122.52581206,2
2012,2012-06-04,2102,6,2,21,1,N,A,N,A,H,C,C,02,S,01,C,,,Y,,E,Y,N,A,0,0,0,0,23152.0,2,38.30234494,-122.29053072,1
2012,2012-08-18,930,8,2,9,6,Y,A,N,A,H,A,A,01,,09,H,,Y,,,G,Y,N,A,0,0,0,0,21801.0,2,38.52481489,-122.48138325,1
2012,2012-08-08,1115,8,2,11,3,N,A,N,A,H,A,C,02,N,08,E,,,Y,,I,Y,N,D,0,0,0,0,22107.0,1,38.68418832,-122.44648614,1
2013,2013-01-13,135,1,4,1,7,N,A,N,A,H,D,A,01,W,03,E,,,,,I,Y,N,A,3,0,0,0,22350.0,1,38.293497,-122.2303829,1
2012,2012-11-09,938,11,3,9,5,N,A,N,A,H,A,-,- ,E,00,H,,,,,E,Y,N,D,0,0,0,0,,4,38.29639836,-122.2995535,1
2013,2013-01-17,1340,1,4,13,4,N,A,N,A,H,A,D,22,N,08,E,,,,,J,Y,N,D,0,0,0,0,22107.0,1,38.5744129,-122.5447399,1
2012,2012-05-28,1040,5,1,10,1,-,A,N,B,H,A,C,02,N,03,F,,,Y,,A,N,N,D,1,0,0,1,22350.0,1,38.74568393,-122.27873504,3
2012,2012-05-27,1010,5,1,10,7,N,A,N,A,H,A,C,02,S,08,F,,,Y,,A,N,N,A,1,0,0,1,22107.0,1,38.68437609,-122.44659615,4
2012,2012-04-28,2345,4,1,23,6,N,A,N,A,H,D,A,07,S,01,F,,,,,A,Y,M,D,1,0,0,0,23152.0,1,38.57532344,-122.55220389,3
2012,2012-05-28,1305,5,1,13,1,N,A,N,A,H,A,C,02,W,08,F,,,Y,,A,N,N,D,1,0,0,1,22107.0,1,38.42176818,-122.41529151,4
2012,2012-05-18,1450,5,1,14,5,N,A,Y,A,B,A,-,- ,N,18,F,,,Y,,A,Y,N,D,1,0,0,1,,1,38.40645445,-122.20415261,4
2012,2012-05-21,1552,5,1,15,1,N,A,Y,A,H,A,A,01,N,08,E,,,,,I,Y,N,D,1,0,0,0,22107.0,2,38.31210153,-122.30631664,3
2012,2012-05-15,730,5,1,7,2,N,A,N,A,H,A,A,07,N,03,C,,,,,C,N,N,A,1,0,0,0,22350.0,2,38.5249951,-122.48124215,4
2012,2012-05-29,2015,5,1,20,2,Y,A,Y,A,H,B,A,01,,03,C,,,,,C,N,N,A,1,0,0,0,22350.0,2,38.1654282,-122.25271915,4
2012,2012-05-30,1159,5,1,11,3,Y,A,N,A,H,A,A,07,,01,C,,,,,C,Y,F,A,1,0,0,0,23153.0,2,38.16570498,-122.25559314,4
2012,2012-06-04,1313,6,2,13,1,Y,A,N,A,H,A,-,- ,,00,D,,,,,C,Y,N,A,2,0,0,0,,2,38.32401498,-122.29328326,4
2012,2012-05-30,1607,5,1,16,3,Y,A,N,A,H,A,A,01,,03,C,,,,,C,Y,N,A,1,0,0,0,22350.0,2,38.29823493,-122.29330321,4
2012,2012-06-01,1743,6,2,17,5,Y,A,N,A,H,A,D,22,,- ,D,,,,,C,Y,N,A,1,0,0,0,,2,38.31566497,-122.29786324,4
2012,2012-05-17,1038,5,1,10,4,N,A,N,A,H,A,D,22,S,05,D,,,,,C,Y,N,A,1,0,0,0,21650.0,2,38.30339295,-122.30408852,4
2012,2012-05-21,1201,5,1,12,1,N,A,Y,A,H,A,A,01,N,03,C,,,,,C,Y,N,D,7,0,0,0,22350.0,3,38.16441528,-122.25280959,4
2012,2012-05-18,2013,5,1,20,5,Y,A,N,A,H,A,A,07,,01,D,,,,,C,Y,N,A,3,0,0,0,23152.0,2,38.16188499,-122.23979322,3
2012,2012-05-26,1220,5,1,12,6,Y,A,N,A,H,A,A,01,,09,A,,,,,C,Y,N,A,4,0,0,0,21802.0,2,38.63170495,-122.44882321,3
2012,2012-05-29,1205,5,1,12,2,N,A,Y,A,H,A,A,01,E,03,C,,,,,C,Y,N,A,2,0,0,0,22350.0,3,38.22005137,-122.23392936,4
2012,2012-06-06,2035,6,2,20,3,N,A,Y,A,H,A,D,22,N,01,B,,,,,C,Y,N,D,3,0,0,0,23152.0,2,38.37541842,-122.34300494,3
2012,2012-06-04,1630,6,2,16,1,N,B,Y,B,H,A,A,07,N,03,C,,,,,C,N,N,D,1,0,0,0,22350.0,2,38.65226819,-122.59992748,4
2012,2012-05-31,1528,5,1,15,4,N,A,N,A,H,A,A,01,N,09,D,,,,,C,Y,N,A,2,0,0,0,21804.0,2,38.31721011,-122.30803791,4
2012,2012-05-30,1425,5,1,14,3,Y,A,N,A,H,A,A,01,,12,D,,,,,C,Y,N,A,3,0,0,0,22450.0,3,38.31443488,-122.30454312,4
2012,2012-05-29,1441,5,1,14,2,N,A,N,A,H,A,A,01,S,08,C,,,,,C,N,N,A,1,0,0,0,22107.0,2,38.2824776,-122.27208078,4
2012,2012-05-23,1625,5,1,16,3,Y,A,N,A,H,A,A,01,,09,D,,,,,C,Y,N,A,1,0,0,0,21801.0,2,38.30561496,-122.33276315,4
2012,2012-05-29,1810,5,1,18,2,N,A,Y,A,H,A,A,01,W,03,C,,,,,C,N,N,D,1,0,0,0,22350.0,2,38.28560504,-122.30052321,4
2012,2012-05-26,1514,5,1,15,6,N,A,N,A,H,A,L,04,,22,C,,Y,,,E,N,N,D,1,0,1,0,,2,38.32383493,-122.31767326,4
2012,2012-05-25,1725,5,1,17,5,Y,A,N,A,H,A,A,01,,12,D,,,,,C,Y,N,A,1,0,0,0,21453.0,2,38.29665491,-122.28667322,4
2012,2012-06-06,1742,6,2,17,3,Y,A,N,A,H,A,A,01,,03,C,,,,,C,Y,N,D,1,0,0,0,22350.0,2,38.34037492,-122.32215321,4
2012,2012-06-06,1437,6,2,14,3,N,A,N,A,H,A,N,60,N,11,G,Y,,,,B,N,F,D,1,1,0,0,21950.0,2,38.288838,-122.30704323,3
2012,2012-06-08,1503,6,2,15,5,Y,A,Y,A,H,A,A,01,,05,A,,,,,C,Y,N,A,1,0,0,0,21752.0,2,38.50302504,-122.46661326,4
2012,2012-05-31,355,5,1,3,4,N,A,Y,A,D,D,A,01,E,03,C,,,,,C,Y,N,A,5,0,0,0,22350.0,3,38.22112363,-122.23696755,4
2012,2012-05-27,900,5,1,9,7,N,B,N,A,H,A,L,04,S,08,E,,Y,,,J,N,N,D,1,0,1,0,22107.0,1,38.47864414,-122.39192108,2
2012,2012-06-04,1555,6,2,15,1,N,B,Y,B,H,A,A,07,N,03,E,,,,,I,Y,N,D,1,0,0,0,22350.0,1,38.65642223,-122.59543366,4
2012,2012-06-04,1835,6,2,18,1,N,B,Y,A,H,A,C,02,S,03,F,,,Y,,A,Y,N,D,1,0,0,1,22350.0,1,38.30112504,-122.30323321,3
2012,2012-06-02,1654,6,2,16,6,N,A,Y,A,H,A,A,01,S,08,E,,,,,I,Y,N,D,1,0,0,0,22107.0,1,38.28074877,-122.30009716,4
2012,2012-06-02,535,6,2,5,6,Y,A,Y,A,H,A,M,57,,03,C,,,,,C,N,N,D,1,0,0,0,22350.0,2,38.22144504,-122.23857319,4
2012,2012-06-12,1807,6,2,18,2,Y,A,Y,A,H,A,A,01,,03,C,,,,,C,N,N,A,1,0,0,0,22350.0,2,38.1654282,-122.25271915,4
2012,2012-05-01,749,5,1,7,2,Y,A,N,A,H,A,A,01,,10,G,Y,,,,B,N,N,D,1,1,0,0,21950.0,2,38.30755496,-122.30036318,4
2012,2012-05-07,1830,5,1,18,1,N,A,N,A,H,A,L,04,S,06,H,,Y,,,A,N,N,A,1,0,1,0,21755.0,2,38.3067923,-122.30228257,3
2012,2012-05-23,941,5,1,9,3,Y,A,N,A,H,A,A,01,,09,D,,,,,C,Y,N,A,1,0,0,0,21802.0,2,38.29582491,-122.2883332,4
2012,2012-06-08,1214,6,2,12,5,N,A,N,A,H,A,A,01,W,03,C,,,,,C,N,N,A,1,0,0,0,22350.0,2,38.32207926,-122.30427749,4
2012,2012-06-13,1712,6,2,17,3,N,A,Y,A,H,A,-,- ,S,00,C,,,,,C,N,M,A,1,0,0,0,,2,38.28056729,-122.27441719,4
2012,2012-06-11,1620,6,2,16,1,N,A,N,A,H,A,A,07,W,03,C,,,,,C,Y,N,D,3,0,0,0,22350.0,5,38.31003594,-122.28653372,4
2012,2012-06-12,1651,6,2,16,2,Y,A,N,A,H,A,C,02,,- ,C,,,Y,,C,N,N,A,1,0,0,1,,2,38.28191493,-122.30259321,2
2012,2012-06-05,1549,6,2,15,2,Y,A,N,A,H,A,A,01,,21,C,,,,,C,N,N,A,1,0,0,0,22106.0,2,38.32230491,-122.30295317,4
2012,2012-06-12,1550,6,2,15,2,N,A,Y,A,H,A,L,04,S,03,E,,Y,,,I,N,N,A,1,0,1,0,22350.0,1,38.47734432,-122.43640099,3
2012,2012-06-14,1610,6,2,16,4,N,A,N,A,H,A,D,22,N,03,E,,,,,I,Y,N,D,1,0,0,0,22350.0,1,38.56655245,-122.45925637,4
2012,2012-06-03,1458,6,2,14,7,N,A,N,A,H,A,A,01,,03,C,,,,,C,,N,D,3,0,0,0,22350.0,3,38.1700251,-122.25308597,3
2012,2012-06-16,2046,6,2,20,6,N,A,N,A,H,B,D,22,N,01,D,,,,,C,Y,N,D,3,0,0,0,23152.0,2,38.28339169,-122.26145973,3
2012,2012-06-20,1459,6,2,14,3,Y,A,Y,A,H,A,F,26,,03,C,,,,Y,C,N,N,A,1,0,0,0,22350.0,2,38.28023831,-122.27404583,4
2012,2012-06-03,1530,6,2,15,7,N,A,N,A,H,A,A,07,N,05,B,,,,,C,Y,N,A,6,0,0,0,21460.0,2,38.51956347,-122.47019001,3
2012,2012-06-03,1350,6,2,13,7,N,A,Y,A,H,A,C,02,S,03,E,,,Y,,I,Y,N,D,1,0,0,1,22350.0,1,38.66707728,-122.58945442,2
2012,2012-05-26,1658,5,1,16,6,N,C,Y,B,H,A,A,01,S,03,C,,,,,C,Y,N,D,1,0,0,0,22350.0,3,38.49538697,-122.45762781,4
2012,2012-06-06,1703,6,2,17,3,Y,A,Y,A,H,A,A,01,,05,B,,,,,C,Y,N,D,1,0,0,0,21650.0,5,38.30325293,-122.27713728,3
2012,2012-06-05,1522,6,2,15,2,N,A,Y,A,H,A,G,26,W,03,C,,,,Y,C,N,N,A,3,0,0,0,22350.0,3,38.2817519,-122.28896235,3