ACCIDENT_YEAR,COLLISION_DATE,COLLISION_TIME,MONTH,SEASON,24HOURS,DAY_OF_WEEK,INTERSECTION,WEATHER_1,STATE_HWY_IND,ROAD_SURFACE,ROAD_COND_1,LIGHTING,STWD_VEHTYPE_AT_FAULT,CHP_VEHTYPE_AT_FAULT,DIRECTION,PCF_VIOL_CATEGORY,TYPE_OF_COLLISION,PEDESTRIAN_ACCIDENT,BICYCLE_ACCIDENT,MOTORCYCLE_ACCIDENT,TRUCK_ACCIDENT,MVIW,TOW_AWAY,HIT_AND_RUN,CONTROL_DEVICE,NUMBER_INJURED,COUNT_PED_INJURED,COUNT_BICYCLIST_INJURED,COUNT_MC_INJURED,PCF_VIOLATION,PARTY_COUNT,POINT_Y,POINT_X,COLLISION_SEVERITY
2013,2013-11-26,1727,11,3,17,2,N,A,Y,A,H,B,A,08,N,03,C,,,,,C,N,F,A,1,0,0,0,22350.0,2,38.1716311,-122.2535473,4
2013,2013-11-20,1725,11,3,17,3,N,B,Y,B,H,C,A,01,S,03,C,,,,,C,Y,N,D,1,0,0,0,22350.0,2,38.3342761,-122.2646926,4
2013,2013-11-19,903,11,3,9,2,Y,B,N,B,H,A,F,26,,03,D,,,,Y,C,Y,N,A,1,0,0,0,22350.0,2,38.324015,-122.2932833,4
2013,2013-10-26,1951,10,3,19,6,N,A,N,A,H,C,A,01,S,08,B,,,,Y,C,N,N,A,1,0,0,0,22107.0,2,38.3221433,-122.3029128,4
2013,2013-10-29,1505,10,3,15,2,N,A,Y,A,H,A,A,07,N,07,C,,,,,C,Y,N,A,1,0,0,0,21658.0,2,38.2577306,-122.3028176,4
2013,2013-10-26,1735,10,3,17,6,N,A,Y,A,H,A,A,01,S,03,C,,,,,C,Y,N,D,2,0,0,0,22350.0,2,38.4342555,-122.4004775,4
2013,2013-10-24,1550,10,3,15,4,N,A,Y,A,H,A,C,02,N,17,E,,,Y,,I,Y,N,D,1,0,0,1,21662.0,1,38.6519857,-122.5998839,4
2013,2013-11-05,730,11,3,7,2,Y,A,N,A,H,A,D,22,,09,D,,,,,C,Y,N,A,1,0,0,0,21802.0,2,38.572065,-122.4424132,4
2013,2013-11-23,227,11,3,2,6,N,A,Y,A,H,C,A,01,N,01,C,,,,,E,Y,N,A,2,0,0,0,23153.0,2,38.5072388,-122.4737023,4
2013,2013-11-01,1456,11,3,14,5,Y,A,N,A,H,A,A,07,,09,D,,,,,C,N,N,D,1,0,0,0,21802.0,2,38.511785,-122.4558333,4
2013,2013-11-09,854,11,3,8,6,N,A,Y,A,H,A,A,01,S,08,F,,,,,A,Y,N,A,1,0,0,0,22107.0,1,,,3
2013,2013-12-01,1845,12,4,18,7,N,A,Y,A,H,D,D,22,N,08,E,,,,,I,Y,N,D,1,0,0,0,22107.0,1,38.2909528,-122.3018571,3
2014,2014-03-18,707,3,1,7,2,N,A,N,A,H,B,A,01,S,05,A,,,,,C,Y,N,D,2,0,0,0,21460.0,2,38.33328789,-122.27999787,1
2014,2014-04-06,1532,4,1,15,7,N,A,Y,A,H,A,A,07,S,05,A,,,,,C,Y,N,D,4,0,0,0,21460.0,2,38.25808689,-122.35544732,1
2014,2014-08-09,1310,8,2,13,6,N,A,Y,A,H,A,C,02,W,08,E,,,Y,,I,Y,N,D,0,0,0,0,22107.0,1,38.60079899,-122.63471635,1
2014,2014-10-18,1229,10,3,12,6,N,A,Y,A,H,A,A,07,S,07,B,,,,,C,Y,N,D,0,0,0,0,21658.0,2,38.3169431,-122.30747527,1
2015,2015-04-18,2143,4,1,21,6,N,A,N,A,H,D,A,01,N,01,E,,,,,I,Y,N,D,0,0,0,0,23152.0,1,38.27146525,-122.33058241,1
2015,2015-05-22,2208,5,1,22,5,N,A,N,A,H,D,A,01,N,01,E,,,,,I,Y,N,D,0,0,0,0,23152.0,1,38.67454927,-122.44537876,1
2013,2013-11-15,1815,11,3,18,5,N,A,Y,A,H,C,-,- ,N,11,G,,,,,B,,N,D,1,0,0,0,21954.0,2,38.1691966,-122.2561674,3
2013,2013-11-10,1815,11,3,18,7,N,A,N,A,H,D,A,01,W,01,D,,,,,C,Y,N,D,3,0,0,0,23152.0,2,38.3150561,-122.3368391,3
2013,2013-11-17,1520,11,3,15,7,N,A,Y,A,H,A,C,02,S,03,E,,,Y,,I,Y,N,D,1,0,0,1,22350.0,1,38.4040951,-122.2047432,2
2013,2013-11-25,1234,11,3,12,1,Y,A,N,A,H,A,L,04,,12,H,,Y,,,G,N,N,A,1,0,1,0,21453.0,2,38.308825,-122.2933432,3
2013,2013-12-12,1750,12,4,17,4,Y,A,N,A,-,C,D,22,,12,D,,,,,C,Y,N,A,1,0,0,0,22450.0,2,38.3163949,-122.2938732,4
2013,2013-12-07,2231,12,4,22,6,N,A,N,A,H,C,A,01,W,01,E,,,,,I,Y,N,D,1,0,0,0,23152.0,1,38.5205726,-122.4727997,3
2013,2013-12-11,1715,12,4,17,3,N,A,N,A,H,A,-,- ,N,00,C,,,,,C,N,M,A,1,0,0,0,,2,38.322846,-122.3002034,4
2013,2013-10-24,1220,10,3,12,4,N,A,Y,A,H,A,A,07,S,03,C,,,,,C,Y,N,D,1,0,0,0,22350.0,2,38.275342,-122.2730064,4
2013,2013-10-21,750,10,3,7,1,Y,E,N,A,H,A,A,01,,09,D,,,,,C,Y,N,A,1,0,0,0,21802.0,2,38.3569149,-122.2875033,3
2013,2013-10-15,145,10,3,1,2,N,A,Y,A,H,D,A,01,S,01,E,,,,,I,Y,N,D,1,0,0,0,23152.0,1,38.2948981,-122.3020077,3
2013,2013-10-13,1520,10,3,15,7,N,A,N,A,H,A,A,01,W,08,E,,,,,I,Y,N,D,2,0,0,0,22107.0,1,38.3361666,-122.1223838,3
2013,2013-12-07,1600,12,4,16,6,Y,A,Y,A,H,A,A,01,,12,D,,,,,D,Y,N,A,1,0,0,0,22450.0,2,38.4880252,-122.4490283,4
2013,2013-12-05,1128,12,4,11,4,N,A,N,A,H,A,-,- ,E,10,G,Y,,,,B,N,N,A,1,1,0,0,21950.0,2,38.3228854,-122.2996276,3
2013,2013-12-06,905,12,4,9,5,N,A,N,A,H,A,D,22,E,09,A,,,,,C,Y,N,D,1,0,0,0,21801.0,2,38.6160592,-122.4267672,3
2013,2013-12-01,813,12,4,8,7,N,A,N,A,H,A,A,01,,17,H,,,,,A,N,N,D,1,0,0,0,21712.0,1,38.2757049,-122.3074032,2
2013,2013-12-06,2159,12,4,21,5,Y,C,N,B,H,C,A,01,,12,A,,,,,C,Y,N,A,1,0,0,0,21453.0,2,38.280865,-122.2785932,4
2013,2013-12-03,1810,12,4,18,2,N,B,N,A,H,C,A,07,W,03,C,,,,,C,N,N,A,1,0,0,0,22350.0,2,38.307188,-122.3024448,4
2013,2013-12-06,2246,12,4,22,5,N,C,N,B,H,C,A,01,S,08,D,,,,,C,Y,N,D,1,0,0,0,22107.0,2,38.2846668,-122.2746726,3
2013,2013-11-30,1720,11,3,17,6,Y,A,N,A,H,C,A,01,,03,C,,,,,C,Y,N,D,2,0,0,0,22350.0,2,38.2876549,-122.3013631,4
2013,2013-12-07,2219,12,4,22,6,N,A,Y,A,H,D,A,01,S,01,E,,,,,I,Y,N,D,1,0,0,0,23152.0,1,38.3679451,-122.2016632,2
2013,2013-12-11,1211,12,4,12,3,N,A,N,A,H,A,A,01,W,03,C,,,,,C,Y,N,D,2,0,0,0,22350.0,2,38.3363028,-122.3225838,4
2013,2013-12-09,807,12,4,8,1,Y,A,N,A,H,A,N,60,,11,G,Y,,,,B,N,N,D,1,1,0,0,21950.0,2,38.2826849,-122.2681131,4
2013,2013-12-18,1441,12,4,14,3,Y,A,N,A,H,A,A,01,,09,A,,,,,C,Y,N,D,1,0,0,0,21801.0,2,38.3137349,-122.2973033,4
2013,2013-12-18,1418,12,4,14,3,N,A,Y,A,H,A,D,22,N,03,C,,,,,C,N,N,A,2,0,0,0,22350.0,2,38.1849621,-122.2554032,4
2013,2013-12-10,1525,12,4,15,2,N,A,Y,A,H,A,A,01,S,01,D,,,,,C,Y,N,A,1,0,0,0,23152.0,2,38.4872271,-122.4061592,4
2013,2013-11-29,1010,11,3,10,5,Y,A,Y,A,H,A,A,07,,09,D,,,Y,,C,Y,N,A,1,0,0,1,21802.0,2,38.4774472,-122.4365251,2
2013,2013-11-24,1035,11,3,10,7,Y,A,Y,A,H,A,A,01,,09,D,,,,,C,Y,N,A,2,0,0,0,21453.0,3,38.241335,-122.2692432,2
2013,2013-11-24,1815,11,3,18,7,N,A,Y,A,H,D,-,- ,N,18,E,,,,,I,Y,N,D,1,0,0,0,,1,38.6252946,-122.5995972,4
2013,2013-11-27,2108,11,3,21,3,N,A,Y,A,H,D,A,07,S,03,B,,,,,C,Y,N,D,1,0,0,0,22350.0,2,38.260483,-122.3003822,4
2013,2013-11-20,530,11,3,5,3,Y,B,Y,B,H,D,A,07,,08,E,,,,,I,Y,N,A,1,0,0,0,22107.0,1,38.588725,-122.6070833,4
2013,2013-12-01,1830,12,4,18,7,N,A,Y,A,H,D,A,01,S,05,A,,,,,C,Y,N,D,2,0,0,0,21650.0,2,38.5568651,-122.5051959,4
2013,2013-12-02,1751,12,4,17,1,Y,A,Y,A,H,C,A,01,,09,G,Y,,,,-,N,N,A,1,1,0,0,21453.0,2,38.1793986,-122.2548555,4
2013,2013-11-23,2200,11,3,22,6,N,A,Y,A,H,D,A,07,S,01,E,,,,,I,Y,N,D,1,0,0,0,23152.0,1,38.5749226,-122.5513823,3
2013,2013-11-29,1820,11,3,18,5,N,A,Y,A,H,D,-,- ,E,18,E,,,,,I,Y,N,A,2,0,0,0,,1,38.4658031,-122.1483382,4
2013,2013-12-12,1610,12,4,16,4,N,A,Y,A,H,A,A,01,,01,D,,,,,D,Y,N,A,2,0,0,0,23152.0,3,38.353025,-122.3315432,3
2013,2013-12-12,730,12,4,7,4,N,A,Y,C,H,A,D,22,W,03,E,,,,,I,Y,N,D,1,0,0,0,22350.0,1,38.5117122,-122.1078147,3
2013,2013-11-17,1350,11,3,13,7,N,A,N,A,H,A,F,56,S,08,F,,,,Y,A,Y,N,D,1,0,0,0,22107.0,1,38.2282166,-122.3187049,2
2013,2013-12-17,1610,12,4,16,2,Y,A,N,A,H,A,A,01,,09,D,,,,,C,Y,N,A,1,0,0,0,21802.0,3,38.224505,-122.2627832,4
2013,2013-12-22,2210,12,4,22,7,N,A,N,A,H,D,-,- ,N,18,E,,,,,I,Y,N,D,1,0,0,0,,1,38.5213279,-122.4731817,4
2013,2013-12-12,955,12,4,9,4,N,A,Y,A,H,A,A,01,N,03,C,,,,,C,N,N,A,1,0,0,0,22350.0,2,38.2577306,-122.3028176,4
2013,2013-12-21,1110,12,4,11,6,Y,A,Y,A,H,A,A,01,,09,A,,,,,C,Y,N,D,2,0,0,0,21801.0,2,38.458725,-122.4227832,3
2013,2013-12-23,1655,12,4,16,1,N,A,Y,A,H,A,C,02,S,08,F,,,Y,,A,Y,N,D,1,0,0,1,22107.0,1,38.3511988,-122.3305577,3
2013,2013-12-10,1345,12,4,13,2,N,A,N,A,H,A,L,04,N,08,H,,Y,,,G,N,N,D,1,0,1,0,22107.0,1,38.3082227,-122.2311788,4
2013,2013-12-17,1215,12,4,12,2,N,A,Y,A,H,A,C,02,S,08,F,,,Y,,A,Y,N,D,1,0,0,1,22107.0,1,38.4040951,-122.2047432,2
2013,2013-12-16,1720,12,4,17,1,N,A,Y,A,H,C,A,01,S,03,C,,,,,C,Y,N,D,1,0,0,0,22350.0,3,38.2395369,-122.266573,4
2013,2013-12-16,1630,12,4,16,1,N,A,Y,A,H,A,A,08,N,03,C,,,,,C,Y,N,D,3,0,0,0,22350.0,3,38.6036599,-122.589887,3
2013,2013-12-16,850,12,4,8,1,N,A,Y,A,D,A,A,01,E,03,C,,,,,C,Y,N,D,1,0,0,0,22350.0,2,38.221855,-122.2482534,4
2013,2013-11-19,1125,11,3,11,2,N,B,N,B,H,A,A,08,N,03,E,,,,,I,Y,N,D,1,0,0,0,22350.0,1,38.3422622,-122.3508984,4
2013,2013-11-07,945,11,3,9,4,N,A,Y,A,H,A,A,01,E,08,E,,,,,I,Y,N,D,1,0,0,0,22107.0,1,38.4869395,-122.353449,4
2013,2013-11-25,1345,11,3,13,1,N,A,Y,A,H,A,J,48,S,21,C,,,,,C,N,N,A,1,0,0,0,22106.0,2,38.1833488,-122.2551321,4
2013,2013-12-14,938,12,4,9,6,Y,A,N,A,H,A,A,01,,12,A,,,,,C,Y,N,A,1,0,0,0,21453.0,2,38.2820349,-122.2936732,4
2013,2013-12-04,1607,12,4,16,3,Y,A,N,A,H,A,A,01,,09,D,,Y,,,G,N,N,A,1,0,1,0,21801.0,2,38.30517,-122.285061,2
2013,2013-12-24,1629,12,4,16,2,Y,A,N,A,H,B,A,01,,03,C,,,,,C,Y,N,A,2,0,0,0,22350.0,2,38.3439049,-122.3129732,4
2013,2013-11-06,1740,11,3,17,3,Y,A,N,A,H,C,A,01,,09,D,,,,,C,Y,N,D,1,0,0,0,21802.0,2,38.2954749,-122.2914232,3
2013,2013-11-05,1506,11,3,15,2,Y,A,N,A,H,A,A,01,,03,C,,,,,C,Y,N,A,3,0,0,0,22350.0,4,38.3102249,-122.2852132,3
2013,2013-11-14,1012,11,3,10,4,Y,A,N,A,H,A,A,01,,09,D,,,,,C,Y,N,A,1,0,0,0,21802.0,2,38.2962049,-122.2875633,4
2012,2012-11-22,1953,11,3,19,4,Y,A,Y,A,H,C,C,02,,12,D,,,Y,,C,Y,N,A,1,0,0,1,21453.0,2,38.33066504,-122.31726321,4
2013,2013-12-24,916,12,4,9,2,Y,A,N,A,H,A,D,22,,12,G,Y,,,,B,N,N,A,1,1,0,0,22450.0,2,38.277475,-122.3058833,4
2013,2013-08-20,1932,8,2,19,2,Y,A,N,A,H,A,A,01,,08,B,,,,,C,N,F,A,1,0,0,0,22107.0,2,38.3002249,-122.2835032,4
2013,2013-11-17,2151,11,3,21,7,N,A,N,A,H,C,A,01,N,01,A,,,,,E,Y,N,D,1,0,0,0,23152.0,3,38.3093063,-122.29110181,2
2013,2013-12-28,2330,12,4,23,6,N,A,Y,A,C,D,D,22,W,03,E,,,,,J,Y,N,D,1,0,0,0,22350.0,1,38.1582443,-122.2123431,3
2013,2013-12-30,36,12,4,0,1,Y,A,N,A,H,C,A,01,,01,E,,,,,I,Y,F,A,1,0,0,0,23153.0,1,38.3069249,-122.3409231,4
2013,2013-12-16,1710,12,4,17,1,N,A,Y,A,H,D,A,07,S,07,B,,,Y,,C,Y,N,D,1,0,0,1,21658.0,2,38.2008157,-122.2562635,4
2013,2013-11-28,145,11,3,1,4,N,A,Y,A,H,D,D,22,N,03,D,,,,,C,Y,N,D,2,0,0,0,22350.0,2,38.2313684,-122.2586797,4
2013,2013-12-28,2331,12,4,23,6,N,A,Y,A,C,D,A,01,W,03,E,,,,,J,Y,N,D,1,0,0,0,22350.0,1,38.1582443,-122.2123431,4
2014,2014-01-04,1400,1,4,14,6,N,A,Y,A,H,A,D,23,W,09,D,,,,,C,Y,N,D,1,0,0,0,21801.0,2,38.59248499,-122.61174561,4
2014,2014-01-15,1710,1,4,17,3,N,A,Y,A,H,D,D,22,N,03,C,,,,,C,Y,N,D,1,0,0,0,22350.0,2,38.40798564,-122.37288988,4
2014,2014-01-14,1825,1,4,18,2,N,A,N,A,H,C,D,22,E,- ,C,,,,,C,Y,N,A,1,0,0,0,,1,38.35586585,-122.32304071,3
2013,2013-12-19,900,12,4,9,4,N,A,Y,A,H,A,A,01,S,03,C,,,,,C,Y,N,A,1,0,0,0,22350.0,2,38.2574008,-122.3026603,4
2013,2013-12-26,1744,12,4,17,4,N,A,N,A,H,D,A,07,W,09,D,,,,,C,N,N,D,1,0,0,0,21804.0,2,38.3226611,-122.3008427,4
2014,2014-01-04,1556,1,4,15,6,Y,A,Y,A,H,A,A,08,,09,D,,,,,C,N,N,D,4,0,0,0,21804.0,2,38.66023642,-122.59524805,4
2014,2014-01-06,1626,1,4,16,1,N,A,N,A,H,A,A,01,E,07,B,,,,,C,Y,N,D,1,0,0,0,21658.0,3,,,4
2014,2014-01-19,1932,1,4,19,7,N,A,Y,A,H,C,A,07,N,03,C,,,,,C,Y,N,D,1,0,0,0,22350.0,3,38.1800345,-122.25475847,4
2014,2014-01-05,1630,1,4,16,7,Y,A,N,A,H,A,I,10,,03,E,,,,,I,N,N,D,13,0,0,0,22350.0,1,38.36292994,-122.31299992,4
2014,2014-01-16,1700,1,4,17,4,N,A,Y,A,H,A,A,01,S,03,C,,,,,C,Y,N,D,1,0,0,0,22350.0,4,38.4359073,-122.40200528,4
2014,2014-01-22,835,1,4,8,3,N,A,Y,A,H,A,D,22,W,03,C,,,,,C,N,N,D,2,0,0,0,22350.0,2,38.21042437,-122.20576732,4
2014,2014-01-04,1016,1,4,10,6,N,A,N,B,H,A,C,02,N,03,F,,,Y,,A,N,N,D,2,0,0,2,22350.0,2,38.54041745,-122.23701239,3
2014,2014-01-04,1120,1,4,11,6,N,A,Y,A,H,A,A,01,S,03,C,,,,,C,Y,N,A,1,0,0,0,22350.0,2,38.24143243,-122.26900201,4
2014,2014-01-20,1410,1,4,14,1,Y,A,Y,A,H,A,A,01,,03,C,,,,,C,Y,N,D,1,0,0,0,22350.0,2,38.52971256,-122.50272989,4
2014,2014-01-21,1710,1,4,17,2,N,A,N,A,H,B,A,01,E,03,C,,,,,C,Y,N,D,1,0,0,0,22350.0,2,38.37636074,-122.18374282,4
2014,2014-01-22,908,1,4,9,3,N,A,Y,A,H,A,A,01,S,03,C,,,,,C,Y,N,A,1,0,0,0,22350.0,2,38.24889562,-122.27014116,4
2014,2014-01-20,1703,1,4,17,1,Y,A,N,A,H,A,A,01,,12,D,,,,,C,Y,N,A,2,0,0,0,22450.0,2,38.28927995,-122.28776,4
2014,2014-01-15,1539,1,4,15,3,N,A,N,A,H,A,A,01,S,08,C,,,,,C,Y,N,D,1,0,0,0,22107.0,2,38.28973253,-122.29433965,3
2014,2014-01-17,1343,1,4,13,5,N,A,N,A,H,A,A,01,W,01,E,,,,,I,Y,N,D,1,0,0,0,23152.0,1,38.29546317,-122.29142759,4
2014,2014-01-08,1734,1,4,17,3,N,A,Y,A,H,C,A,01,N,03,C,,,,,C,N,N,D,1,0,0,0,22350.0,2,38.33084056,-122.31748328,4
2014,2014-01-11,951,1,4,9,6,N,B,N,A,H,A,A,01,W,01,C,,,,,C,Y,N,A,1,0,0,0,23152.0,2,38.29827692,-122.29332916,4
2014,2014-01-23,1245,1,4,12,4,Y,A,N,A,H,A,A,01,,09,D,,,,,C,Y,N,A,2,0,0,0,21802.0,2,38.29201996,-122.28546994,4
2014,2014-01-06,1831,1,4,18,1,Y,A,N,A,H,C,A,07,,09,D,,,,,C,Y,N,A,1,0,0,0,21802.0,2,38.18129992,-122.25381994,4
2013,2013-12-30,1610,12,4,16,1,N,A,Y,A,H,A,A,01,N,03,E,,,,,I,Y,N,D,4,0,0,0,22350.0,1,38.6672417,-122.5891573,2
2014,2014-01-02,1802,1,4,18,4,N,A,Y,A,H,C,A,01,N,03,C,,,,,C,Y,N,D,3,0,0,0,22350.0,4,38.30116483,-122.30322966,4
2014,2014-01-03,1815,1,4,18,5,N,A,Y,A,H,D,A,01,E,01,D,,,,,C,Y,N,D,1,0,0,0,23152.0,2,38.34679925,-122.24417079,4
2014,2014-01-03,1140,1,4,11,5,N,A,Y,A,H,A,N,60,N,11,G,Y,,,,B,N,N,D,1,1,0,0,21954.0,2,38.42751557,-122.39446736,4
2014,2014-01-09,1330,1,4,13,4,N,A,Y,A,H,A,A,01,S,08,D,,,,,C,Y,N,D,1,0,0,0,22107.0,2,38.668501,-122.58816235,4
2014,2014-01-11,1230,1,4,12,6,N,B,Y,B,H,A,A,01,S,03,C,,,,,C,Y,N,A,1,0,0,0,22350.0,2,38.23885557,-122.26575252,4
2014,2014-01-15,1635,1,4,16,3,N,A,N,A,H,A,-,- ,W,18,H,,Y,,,G,N,N,D,1,0,1,0,,1,38.28422077,-122.32467401,3
2014,2014-01-04,1722,1,4,17,6,Y,A,N,A,H,C,D,22,,10,D,Y,,,,B,N,N,D,1,1,0,0,21950.0,2,38.31200995,-122.29681991,2
2014,2014-01-20,1610,1,4,16,1,Y,A,N,A,H,A,D,22,,09,A,,,,,C,Y,N,D,1,0,0,0,21801.0,2,38.30976993,-122.30588989,3
2013,2013-12-22,635,12,4,6,7,N,A,N,A,H,C,A,01,N,01,E,,,,,I,Y,N,D,1,0,0,0,23152.0,1,38.57927479,-122.45292485,4
2013,2013-12-22,625,12,4,6,7,N,A,Y,A,H,A,A,01,S,03,A,,,,,C,Y,N,D,4,0,0,0,22350.0,2,38.667525,-122.5986233,2
2013,2013-12-26,1914,12,4,19,4,N,A,Y,A,H,D,A,01,S,08,E,,,,,I,Y,N,D,1,0,0,0,22107.0,1,38.3186572,-122.3080095,4
2013,2013-12-28,642,12,4,6,6,N,A,Y,A,H,A,A,07,N,08,E,,,,,I,Y,N,D,4,0,0,0,22107.0,1,38.4732123,-122.4333037,2
2013,2013-12-30,1855,12,4,18,1,N,A,Y,A,H,D,A,01,N,08,E,,,,,I,Y,N,D,1,0,0,0,22107.0,1,38.6575197,-122.595271,3
2013,2013-12-30,1055,12,4,10,1,N,A,Y,A,H,A,A,01,S,08,F,,,,,A,Y,N,D,1,0,0,0,22107.0,1,38.4031203,-122.2051353,4
2014,2014-01-03,2233,1,4,22,5,Y,A,Y,A,H,C,A,01,,03,C,,,,,C,Y,N,A,1,0,0,0,22350.0,2,38.17927279,-122.25487801,4
2013,2013-11-09,1204,11,3,12,6,-,A,N,A,H,A,A,01,,03,C,,,,,C,,N,A,3,0,0,0,22350.0,3,38.165505,-122.2529232,4
2014,2014-01-24,1439,1,4,14,5,N,A,N,A,H,A,A,01,S,04,C,,,,,C,Y,N,D,2,0,0,0,21703.0,4,38.29830212,-122.28217571,3
2014,2014-01-11,1400,1,4,14,6,N,C,Y,B,H,A,A,01,N,03,D,,,,,C,Y,N,A,1,0,0,0,22350.0,2,38.282329,-122.30049926,4
2014,2014-01-29,1700,1,4,17,3,N,A,N,B,H,A,D,22,S,03,E,,,,,I,Y,N,D,2,0,0,0,22350.0,1,38.53196012,-122.47142037,2
2014,2014-02-03,829,2,4,8,1,N,A,Y,B,H,A,A,08,S,21,E,,,,,I,Y,N,D,1,0,0,0,22106.0,2,38.30300114,-122.3035118,4
2014,2014-02-07,935,2,4,9,5,Y,C,Y,B,H,A,F,25,,08,B,,,,Y,C,Y,N,A,1,0,0,0,22107.0,2,38.33058866,-122.31696431,4
2014,2014-01-29,802,1,4,8,3,Y,B,Y,A,H,A,D,22,,09,D,,,,,C,Y,N,A,1,0,0,0,21800.0,2,38.29717817,-122.30181642,4
2014,2014-02-08,1448,2,4,14,6,N,C,Y,B,H,A,D,22,S,03,E,,,,,I,Y,N,D,3,0,0,0,22350.0,1,38.304125,-122.30408426,4
2013,2013-11-01,405,11,3,4,5,N,A,N,A,H,C,-,- ,W,18,C,,,,,E,Y,N,A,1,0,0,0,,2,38.315849,-122.2969182,4
2013,2013-10-29,1711,10,3,17,2,N,A,N,A,H,A,A,07,W,03,C,,,,,C,N,N,D,1,0,0,0,22350.0,2,38.323956,-122.2936238,4
2013,2013-10-28,1630,10,3,16,1,Y,A,N,A,H,A,-,- ,,00,H,,,,,E,N,M,D,1,0,0,0,,2,38.2827049,-122.2636931,3
2013,2013-10-19,2024,10,3,20,6,Y,A,N,A,H,C,-,99,,08,B,,Y,,,G,N,F,D,1,0,1,0,22107.0,2,38.302425,-122.2849232,2
2014,2014-01-24,750,1,4,7,5,N,A,Y,A,H,A,A,07,N,03,D,,,,,C,Y,N,D,2,0,0,0,22350.0,2,38.2434563,-122.28171924,4
2014,2014-01-11,400,1,4,4,6,N,B,Y,A,H,D,A,01,S,08,E,,,,,I,Y,N,D,1,0,0,0,22107.0,1,38.27164799,-122.29872926,3
2014,2014-01-10,1900,1,4,19,5,N,A,Y,A,H,C,A,08,N,03,C,,,,,C,Y,N,D,3,0,0,0,22350.0,4,38.22385799,-122.25807524,4
2014,2014-01-29,30,1,4,0,3,N,D,N,A,H,A,A,01,N,08,E,,,,,I,Y,N,D,1,0,0,0,22107.0,1,38.51188374,-122.45596747,4
2014,2014-01-25,1525,1,4,15,6,Y,A,Y,A,H,A,A,01,,10,G,Y,,,,B,N,N,D,1,1,0,0,21950.0,2,38.576827,-122.57980434,4
2014,2014-02-21,1108,2,4,11,5,N,A,Y,A,H,A,A,01,S,04,C,,,,,C,Y,N,A,1,0,0,0,21703.0,2,38.27006182,-122.27176773,4
2014,2014-02-19,1715,2,4,17,3,N,A,Y,A,H,A,A,01,N,03,C,,,,,C,N,N,A,1,0,0,0,22350.0,2,38.22385799,-122.25807524,4
2014,2014-02-17,1405,2,4,14,1,N,A,N,A,H,A,A,01,S,08,E,,,,,I,Y,N,D,1,0,0,0,22107.0,1,38.23053258,-122.25532973,4
2014,2014-02-02,2029,2,4,20,7,Y,A,N,B,H,C,N,60,,11,G,Y,,,,B,N,N,D,1,1,0,0,21955.0,2,38.32230999,-122.30292991,4
2014,2014-02-22,1230,2,4,12,6,N,A,Y,A,H,A,C,02,E,08,E,,,Y,,I,N,N,D,1,0,0,1,22107.0,1,38.48766938,-122.30801225,3
2014,2014-02-03,1829,2,4,18,1,N,A,Y,A,H,C,A,07,E,12,D,,,,,C,Y,N,A,1,0,0,0,21453.0,2,38.30013463,-122.30294448,4
2014,2014-01-29,1248,1,4,12,3,Y,A,Y,A,H,A,A,01,,09,D,,Y,,,G,N,N,D,1,0,1,0,21801.0,2,38.29737,-122.27521726,3
2014,2014-01-31,1505,1,4,15,5,Y,A,N,A,H,A,L,04,,05,D,,Y,,,G,N,N,A,1,0,1,0,21650.0,2,38.33277998,-122.3079999,4
2014,2014-02-02,925,2,4,9,7,N,A,Y,A,H,A,A,01,E,03,C,,,,,C,Y,N,D,1,0,0,0,22350.0,2,38.21947949,-122.23235451,4
2014,2014-02-15,1500,2,4,15,6,Y,A,Y,A,H,A,A,01,,09,D,,,Y,,C,Y,N,A,1,0,0,1,21802.0,2,38.458696,-122.4228773,3
2014,2014-02-07,1511,2,4,15,5,Y,C,N,B,H,A,A,01,,09,A,,,,,C,Y,N,D,3,0,0,0,21801.0,2,38.31067995,-122.30615992,4
2014,2014-02-05,826,2,4,8,3,Y,A,N,A,H,A,A,01,,08,B,,,,,C,N,N,A,1,0,0,0,22100.0,2,38.32293993,-122.28734996,4
2014,2014-02-08,2006,2,4,20,6,Y,C,N,B,H,C,A,07,,09,D,,,,,C,N,N,A,1,0,0,0,21802.0,2,38.29620989,-122.28753995,4
2014,2014-02-06,1645,2,4,16,4,Y,B,N,A,H,A,A,07,,03,C,,,,,C,Y,N,A,1,0,0,0,22350.0,4,38.18107994,-122.25515997,4
2014,2014-02-18,1507,2,4,15,2,N,A,N,A,H,A,D,22,N,03,C,,,,,C,Y,N,A,2,0,0,0,22350.0,3,38.30974483,-122.29614003,4
2014,2014-02-14,1808,2,4,18,5,N,A,Y,A,H,A,-,- ,W,18,B,,,,,C,Y,N,A,2,0,0,0,,3,38.29891909,-122.30230977,3
2014,2014-02-25,1833,2,4,18,2,Y,A,Y,A,H,C,C,02,,09,D,,,Y,,C,Y,N,A,1,0,0,1,21800.0,2,38.33048511,-122.31716506,4
2014,2014-01-19,1940,1,4,19,7,N,A,Y,A,H,C,A,07,S,01,C,,,,,C,Y,N,A,4,0,0,0,23153.0,2,38.28031855,-122.27401536,2
2014,2014-01-20,1752,1,4,17,1,Y,A,N,A,H,C,A,01,,01,C,,,,,C,Y,N,A,1,0,0,0,23152.0,3,38.3002199,-122.28349995,3
2014,2014-01-18,1529,1,4,15,6,N,A,N,A,H,A,L,04,W,05,A,,Y,,,G,N,N,D,1,0,1,0,21650.0,2,38.30142172,-122.29380122,4
2014,2014-02-23,1715,2,4,17,7,N,A,Y,A,H,A,C,02,S,08,E,,,Y,,I,Y,N,D,1,0,0,1,22107.0,1,38.39554684,-122.20392986,3