ACCIDENT_YEAR,COLLISION_DATE,COLLISION_TIME,MONTH,SEASON,24HOURS,DAY_OF_WEEK,INTERSECTION,WEATHER_1,STATE_HWY_IND,ROAD_SURFACE,ROAD_COND_1,LIGHTING,STWD_VEHTYPE_AT_FAULT,CHP_VEHTYPE_AT_FAULT,DIRECTION,PCF_VIOL_CATEGORY,TYPE_OF_COLLISION,PEDESTRIAN_ACCIDENT,BICYCLE_ACCIDENT,MOTORCYCLE_ACCIDENT,TRUCK_ACCIDENT,MVIW,TOW_AWAY,HIT_AND_RUN,CONTROL_DEVICE,NUMBER_INJURED,COUNT_PED_INJURED,COUNT_BICYCLIST_INJURED,COUNT_MC_INJURED,PCF_VIOLATION,PARTY_COUNT,POINT_Y,POINT_X,COLLISION_SEVERITY
2015,2015-04-07,1643,4,1,16,2,Y,C,N,B,G,A,L,04,,12,D,,Y,,,G,N,N,A,1,0,1,0,22450.0,2,38.50518999,-122.47670993,3
2015,2015-04-10,1235,4,1,12,5,N,A,Y,A,H,A,A,01,N,03,C,,,,,C,N,N,D,1,0,0,0,22350.0,2,38.23495114,-122.2611966,4
2015,2015-04-15,1725,4,1,17,3,N,A,Y,A,H,A,D,22,S,03,C,,,,,C,Y,N,D,3,0,0,0,22350.0,3,38.2556044,-122.36790432,4
2015,2015-04-13,1540,4,1,15,1,N,A,N,A,H,A,C,02,E,03,E,,,Y,,I,Y,N,D,1,0,0,1,22350.0,1,38.64431888,-122.351954,4
2015,2015-03-28,2200,3,1,22,6,N,A,Y,A,H,D,A,01,S,01,E,,,,,I,Y,N,D,1,0,0,0,23152.0,1,38.30540562,-122.30441362,3
2015,2015-04-05,725,4,1,7,7,N,B,N,B,H,A,A,01,N,03,E,,,,,I,N,N,D,1,0,0,0,22350.0,1,38.55397811,-122.45595095,3
2015,2015-04-10,1750,4,1,17,5,N,A,N,A,H,A,A,01,S,09,H,,Y,,,G,N,N,D,1,0,1,0,21801.0,2,,,3
2015,2015-04-20,1642,4,1,16,1,N,A,Y,A,H,A,A,01,N,03,C,,,,,C,Y,N,A,1,0,0,0,22350.0,3,38.17201731,-122.25363127,4
2015,2015-04-17,227,4,1,2,5,N,A,N,A,H,C,D,22,W,03,C,,,,,C,Y,F,A,3,0,0,0,22350.0,2,38.32152447,-122.30742429,3
2015,2015-04-12,1201,4,1,12,7,N,A,N,A,H,A,L,04,S,05,D,,Y,,Y,G,N,N,D,1,0,1,0,21650.0,2,38.32253946,-122.29996162,3
2015,2015-04-18,1304,4,1,13,6,Y,A,N,A,H,A,I,11,,04,C,,,,,C,N,N,D,1,0,0,0,21703.0,2,38.32683997,-122.31438998,4
2015,2015-04-13,1428,4,1,14,1,N,A,N,A,H,A,-,- ,E,09,A,,,,,C,Y,N,D,1,0,0,0,21804.0,2,38.32040256,-122.3055741,4
2015,2015-04-21,1311,4,1,13,2,Y,A,N,A,H,A,C,02,,22,H,,,Y,,A,Y,N,A,1,0,0,1,,1,38.31567993,-122.29783993,4
2015,2015-04-13,1606,4,1,16,1,N,A,Y,A,H,A,A,01,S,03,C,,,,,C,Y,N,D,3,0,0,0,22350.0,3,38.2958523,-122.27540772,4
2015,2015-04-07,2248,4,1,22,2,N,A,Y,A,H,D,D,22,S,01,C,,,,,C,Y,F,D,3,0,0,0,23152.0,2,38.41689542,-122.38607219,2
2015,2015-04-20,1140,4,1,11,1,N,A,Y,A,H,A,A,01,S,03,C,,,,Y,C,Y,N,A,1,0,0,0,22350.0,2,38.20750593,-122.25603419,2
2015,2015-04-18,1550,4,1,15,6,N,A,Y,A,H,A,A,01,S,03,C,,,,,C,Y,N,D,1,0,0,0,22350.0,2,38.4326708,-122.39905742,4
2015,2015-04-18,1615,4,1,16,6,N,A,Y,A,H,A,D,22,S,03,C,,,,,C,Y,N,D,1,0,0,0,22350.0,2,38.433547,-122.39984829,4
2015,2015-04-28,1811,4,1,18,2,N,A,N,A,H,A,D,22,W,09,D,,,,,C,Y,N,A,1,0,0,0,21801.0,2,38.29854166,-122.30079301,4
2015,2015-04-13,1443,4,1,14,1,Y,A,Y,A,H,A,A,01,,12,D,,,,,C,Y,N,A,1,0,0,0,21453.0,3,38.31886694,-122.30730606,4
2015,2015-04-18,1051,4,1,10,6,N,A,N,A,H,A,A,01,S,03,C,,,,,C,N,F,A,1,0,0,0,22350.0,2,38.16553,-122.25297,4
2015,2015-04-19,1300,4,1,13,7,Y,A,N,A,H,A,L,04,,05,D,,Y,,,G,N,N,A,1,0,1,0,21650.0,2,38.30840997,-122.29572998,3
2015,2015-04-18,1758,4,1,17,6,Y,A,N,A,H,A,A,01,,03,C,,,,,C,N,F,A,1,0,0,0,22350.0,2,38.3048,-122.32894998,4
2015,2015-04-01,1608,4,1,16,3,Y,A,N,A,H,A,A,01,,03,C,,,,,C,Y,N,A,1,0,0,0,22350.0,2,38.28861991,-122.27541986,4
2015,2015-04-07,515,4,1,5,2,N,C,Y,B,H,B,A,01,S,03,C,,,,,C,Y,N,A,1,0,0,0,22350.0,2,38.24524944,-122.29128239,3
2015,2015-04-21,749,4,1,7,2,Y,B,N,A,H,A,A,01,,03,C,,,,,C,N,N,A,1,0,0,0,22350.0,2,38.31788997,-122.32715997,4
2015,2015-04-08,1855,4,1,18,3,Y,A,N,A,H,A,-,- ,,00,G,Y,,,,B,N,N,D,1,1,0,0,,2,38.29719995,-122.29108999,4
2015,2015-04-15,1426,4,1,14,3,Y,A,N,A,H,A,A,01,,09,D,,,,,C,Y,N,A,1,0,0,0,21453.0,2,38.32277999,-122.30012998,4
2015,2015-04-16,1123,4,1,11,4,N,A,N,A,H,A,A,01,W,03,C,,,,,C,Y,N,D,1,0,0,0,22350.0,2,38.30524782,-122.33112342,4
2015,2015-04-16,1454,4,1,14,4,Y,A,N,A,H,A,C,02,,03,H,,,Y,,A,N,N,A,1,0,0,1,22350.0,1,38.3002199,-122.28349995,3
2015,2015-04-23,1432,4,1,14,4,Y,A,N,A,H,A,A,07,,09,D,,,,,C,Y,N,A,2,0,0,0,21802.0,2,38.29692997,-122.28809999,3
2015,2015-04-17,1820,4,1,18,5,N,A,Y,A,H,A,A,07,S,03,C,,,,,C,Y,N,D,4,0,0,0,22350.0,4,38.42003715,-122.38844487,4
2015,2015-04-20,1849,4,1,18,1,N,A,Y,A,H,A,A,01,N,08,E,,,,,I,Y,N,D,1,0,0,0,22107.0,1,38.24482652,-122.26899815,3
2015,2015-04-12,2018,4,1,20,7,N,A,Y,A,H,B,C,02,N,01,F,,,Y,,A,Y,N,D,1,0,0,1,23152.0,1,38.24176406,-122.26886641,2
2015,2015-04-15,1538,4,1,15,3,Y,A,Y,A,H,A,A,01,,09,G,Y,,,,B,N,N,A,1,1,0,0,21453.0,2,38.17130303,-122.25329971,3
2015,2015-04-17,1305,4,1,13,5,N,A,Y,A,H,A,M,50,S,08,D,,,,,C,Y,N,D,2,0,0,0,22107.0,2,38.26524946,-122.27087125,2
2015,2015-04-17,1008,4,1,10,5,Y,A,Y,A,H,A,F,26,,09,D,,,,Y,C,Y,N,A,1,0,0,0,21802.0,2,38.51779909,-122.48829821,3
2015,2015-04-21,630,4,1,6,2,N,B,Y,A,H,B,D,22,N,05,A,,,,,C,Y,N,D,3,0,0,0,21460.0,2,38.61709629,-122.59671716,3
2015,2015-04-16,918,4,1,9,4,N,A,Y,A,H,A,A,01,N,03,C,,,,,C,Y,N,A,2,0,0,0,22350.0,2,38.27078133,-122.27209006,4
2015,2015-04-22,1307,4,1,13,3,N,A,Y,A,H,A,A,01,S,01,C,,,,,E,Y,N,D,2,0,0,0,23152.0,2,38.55323941,-122.52359734,4
2015,2015-04-24,1620,4,1,16,5,N,B,N,A,H,A,C,02,N,03,F,,,Y,,A,Y,N,D,1,0,0,1,22350.0,1,38.57713443,-122.53879823,2
2015,2015-04-28,1254,4,1,12,2,N,A,N,A,H,A,A,01,E,03,C,,,,,C,Y,N,A,2,0,0,0,22350.0,4,38.30864888,-122.29438894,4
2015,2015-04-29,804,4,1,8,3,N,A,Y,A,H,A,A,07,N,03,C,,,,,C,Y,N,D,2,0,0,0,22350.0,3,38.3054097,-122.27771287,3
2015,2015-04-03,1540,4,1,15,5,Y,A,N,A,H,A,L,04,,08,H,,Y,,,I,N,N,D,1,0,1,0,22107.0,1,38.58800995,-122.58783989,3
2015,2015-04-25,2135,4,1,21,6,N,A,N,A,H,-,D,22,S,08,B,Y,,,,B,N,F,A,1,1,0,0,22107.0,2,38.15834662,-122.2517815,3
2015,2015-05-07,1750,5,1,17,4,N,A,Y,A,H,A,A,01,N,01,B,,,,,C,Y,M,A,1,0,0,0,23152.0,3,38.27033085,-122.27198825,3
2015,2015-04-30,1450,4,1,14,4,N,A,Y,A,H,A,A,01,S,05,A,,,,,C,Y,N,A,2,0,0,0,21460.0,2,38.35601001,-122.20726125,4
2015,2015-04-30,1730,4,1,17,4,N,A,Y,A,H,A,D,22,S,08,D,,,Y,,C,Y,N,A,1,0,0,1,22107.0,2,38.43176101,-122.20770826,2
2015,2015-05-04,1810,5,1,18,1,N,A,N,A,H,A,A,07,N,03,C,,,,,C,Y,N,D,2,0,0,0,22350.0,3,38.37583907,-122.30631706,4
2015,2015-04-28,850,4,1,8,2,N,A,N,A,H,A,D,22,E,08,E,,,,,I,Y,N,D,2,0,0,0,22107.0,1,38.41458413,-122.35676695,3
2015,2015-05-01,1803,5,1,18,5,Y,A,N,A,H,A,C,02,,01,H,,,Y,,A,Y,N,D,1,0,0,1,23152.0,1,38.32498998,-122.30588986,3
2015,2015-05-08,114,5,1,1,5,N,A,N,A,H,C,A,01,W,01,C,,,,,E,Y,N,A,1,0,0,0,23152.0,3,38.3053002,-122.3168486,2
2015,2015-05-17,1950,5,1,19,7,Y,A,N,A,H,A,L,04,,09,H,,Y,,,G,N,N,D,1,0,1,0,21800.0,2,38.57780995,-122.45921999,2
2015,2015-05-15,1604,5,1,16,5,N,A,Y,A,H,A,D,22,S,03,C,,,,,C,N,N,A,1,0,0,0,22350.0,2,38.26737801,-122.29891125,4
2015,2015-05-12,1548,5,1,15,2,N,A,Y,A,H,A,A,01,N,03,C,,,,,C,Y,N,A,1,0,0,0,22350.0,2,38.33060548,-122.31726849,3
2015,2015-05-24,1609,5,1,16,7,N,A,N,A,H,A,A,01,N,03,C,,,,,C,N,N,D,1,0,0,0,22350.0,2,38.30304684,-122.29421738,4
2015,2015-05-14,1513,5,1,15,4,N,B,N,A,H,A,C,03,E,05,F,,,Y,,-,N,N,D,1,0,0,1,21650.0,1,38.31068648,-122.27624686,3
2015,2015-05-03,2039,5,1,20,7,Y,A,N,A,H,C,A,08,,09,D,,Y,,,G,N,F,A,1,0,1,0,21804.0,2,38.30074995,-122.31118988,4
2015,2015-05-11,1936,5,1,19,1,Y,A,N,A,H,B,A,01,,12,D,,,,,C,Y,N,A,1,0,0,0,21453.0,2,38.29654,-122.29352995,4
2015,2015-05-08,143,5,1,1,5,N,A,Y,A,H,C,A,01,N,08,A,,,,,I,,M,D,1,0,0,0,22107.0,1,38.28197504,-122.29665521,3
2015,2015-05-15,854,5,1,8,5,Y,B,N,A,H,A,L,04,,05,D,,Y,,,G,N,N,D,1,0,1,0,21650.0,2,38.30142995,-122.29374991,4
2015,2015-05-16,1645,5,1,16,6,N,A,N,A,H,A,A,01,S,04,C,,,,,C,N,N,D,1,0,0,0,21703.0,2,38.28227296,-122.27444834,4
2015,2015-05-07,836,5,1,8,4,N,A,N,A,H,A,A,01,S,01,D,,,,,E,Y,N,D,1,0,0,0,23152.0,2,38.31007915,-122.30491903,4
2015,2015-05-02,1230,5,1,12,6,N,A,Y,A,H,A,D,22,S,21,C,,,,,C,N,N,D,4,0,0,0,22106.0,2,38.2297849,-122.25833775,4
2015,2015-04-26,2250,4,1,22,7,N,A,N,A,H,D,A,07,N,08,E,,,,,J,Y,N,D,3,0,0,0,22107.0,1,38.7536984,-122.28383303,3
2015,2015-04-28,2020,4,1,20,2,Y,A,N,A,H,D,A,01,,01,B,,,,,C,Y,N,D,1,0,0,0,23152.0,3,38.29255998,-122.22077,4
2015,2015-04-27,2230,4,1,22,1,N,A,Y,A,H,D,C,02,E,08,F,,,Y,,A,Y,N,D,1,0,0,1,22107.0,1,38.50401993,-122.11649601,3
2015,2015-05-05,545,5,1,5,2,N,A,N,A,H,B,A,01,N,08,E,,,,,I,Y,N,D,1,0,0,0,22107.0,1,38.46702207,-122.18134761,3
2015,2015-05-04,1400,5,1,14,1,N,A,N,A,H,A,M,44,N,09,D,,,,,C,Y,N,D,1,0,0,0,21804.0,2,38.2649052,-122.34406351,4
2015,2015-05-01,30,5,1,0,5,N,A,N,A,H,D,A,01,N,01,E,,,,,I,Y,N,D,1,0,0,0,23152.0,1,38.49799674,-122.42586923,3
2015,2015-04-30,555,4,1,5,4,Y,A,Y,A,H,A,A,01,,03,C,,,,,C,Y,N,A,1,0,0,0,22350.0,2,38.24132532,-122.26921502,4
2015,2015-05-03,810,5,1,8,7,N,A,Y,A,H,A,L,04,N,08,H,,Y,,,G,N,N,D,1,0,1,0,22107.0,1,38.570196,-122.567375,2
2015,2015-05-05,1520,5,1,15,2,N,A,Y,A,H,A,A,01,N,03,C,,,,,C,Y,N,D,2,0,0,0,22350.0,3,38.22927761,-122.25851987,3
2015,2015-05-01,1320,5,1,13,5,N,A,Y,A,H,A,A,01,S,05,B,,,Y,,C,N,N,A,1,0,0,1,21460.0,2,38.40180694,-122.20545069,2
2015,2015-05-08,1732,5,1,17,5,N,A,N,A,H,A,A,01,S,09,D,,,,,C,Y,N,D,2,0,0,0,21804.0,2,38.29173614,-122.27748031,3
2015,2015-05-03,2106,5,1,21,7,N,A,N,A,H,D,A,01,W,05,A,,,,,C,Y,N,D,4,0,0,0,21650.0,2,38.32056,-122.272,4
2015,2015-04-27,808,4,1,8,1,Y,A,Y,A,H,A,A,01,,09,D,,,,,C,Y,N,A,1,0,0,0,21802.0,2,38.29717817,-122.30181642,4
2015,2015-05-10,1440,5,1,14,7,N,A,Y,A,H,A,C,02,N,08,F,,,Y,,A,N,N,D,1,0,0,1,22107.0,1,38.64933616,-122.5943045,3
2015,2015-05-16,1800,5,1,18,6,Y,A,Y,A,H,A,A,01,,09,D,,,,,C,Y,N,A,1,0,0,0,21802.0,2,38.4586961,-122.4228768,4
2015,2015-05-18,1500,5,1,15,1,N,A,Y,A,H,A,A,01,N,03,C,,,,,C,Y,N,A,1,0,0,0,22350.0,2,38.25042517,-122.27082301,4
2015,2015-05-19,1245,5,1,12,2,N,A,Y,A,H,A,A,01,S,03,C,,,,,C,Y,N,A,2,0,0,0,22350.0,3,38.24134889,-122.26887068,3
2015,2015-05-09,1815,5,1,18,6,N,A,N,A,H,A,C,02,S,05,A,,,Y,,C,Y,N,D,1,0,0,1,21460.0,2,38.52024936,-122.47183923,2
2015,2015-05-09,1507,5,1,15,6,N,A,Y,A,H,A,C,02,S,03,C,,,Y,,C,N,N,D,1,0,0,1,22350.0,2,38.33953669,-122.32415108,3
2015,2015-06-26,1535,6,2,15,5,N,A,N,A,H,A,-,99,N,06,E,,,,,J,Y,F,D,1,0,0,0,21751.0,2,38.54394864,-122.49025539,3
2015,2015-06-18,1633,6,2,16,4,N,A,N,A,H,A,D,22,S,09,D,,,,,C,Y,N,D,1,0,0,0,21801.0,2,38.23820883,-122.26631919,4
2015,2015-05-16,1440,5,1,14,6,N,A,Y,A,H,A,A,01,S,03,C,,,,,C,Y,N,D,1,0,0,0,22350.0,2,38.50017222,-122.46302418,4
2015,2015-05-19,1043,5,1,10,2,Y,A,N,A,H,A,A,01,,10,G,Y,,,,B,N,N,A,1,1,0,0,21950.0,2,38.32277999,-122.30012998,4
2015,2015-05-06,855,5,1,8,3,Y,A,N,A,H,A,A,01,,03,C,,,,,C,Y,N,D,1,0,0,0,22350.0,2,38.29614997,-122.27536992,4
2015,2015-05-18,2332,5,1,23,1,Y,A,N,A,H,A,A,01,,03,C,,,,,C,Y,N,A,2,0,0,0,22350.0,2,38.30301992,-122.29420987,4
2015,2015-05-21,1322,5,1,13,4,N,A,Y,A,H,A,A,01,,04,C,,,,,C,N,N,A,1,0,0,0,21703.0,2,38.27830935,-122.29949619,4
2015,2015-05-23,1500,5,1,15,6,Y,A,N,A,H,A,-,- ,,00,H,,Y,,,G,N,M,D,1,0,1,0,,2,38.29519994,-122.28304994,3
2015,2015-05-20,1848,5,1,18,3,N,A,Y,A,H,A,A,01,S,03,C,,,,,C,Y,N,D,6,0,0,0,22350.0,5,38.17480558,-122.25410765,4
2015,2015-05-25,2053,5,1,20,1,N,A,Y,A,H,C,A,01,S,03,C,,,,,C,N,N,A,1,0,0,0,22350.0,2,38.17916899,-122.25461391,4
2015,2015-05-26,843,5,1,8,2,N,B,Y,A,H,A,D,22,S,03,C,,,,,C,N,N,D,1,0,0,0,22350.0,3,38.23956501,-122.2665609,3
2015,2015-05-13,1851,5,1,18,3,N,A,Y,A,H,A,D,22,W,01,E,,,,,I,Y,N,D,1,0,0,0,23152.0,1,38.59834594,-122.61986478,3
2015,2015-05-05,1020,5,1,10,2,N,A,Y,A,H,A,D,22,N,05,D,,,,Y,C,Y,N,D,1,0,0,0,21460.0,2,38.36413791,-122.20198929,2
2015,2015-05-22,1340,5,1,13,5,N,A,Y,A,H,A,C,02,N,08,B,,,Y,,C,Y,N,D,1,0,0,1,22107.0,2,38.61242614,-122.59699569,2
2015,2015-05-17,1100,5,1,11,7,N,B,Y,A,H,A,A,01,E,03,C,,,,,C,Y,N,A,2,0,0,0,22350.0,2,38.21953463,-122.23251264,3
2015,2015-05-15,209,5,1,2,5,N,A,N,A,H,D,A,01,N,01,E,,,,,I,Y,N,D,1,0,0,0,23152.0,1,38.37583907,-122.30631706,3
2015,2015-05-23,1525,5,1,15,6,N,A,Y,A,H,A,A,07,N,03,C,,,,,C,N,N,A,2,0,0,0,22350.0,2,38.24153737,-122.26912207,4
2015,2015-05-09,2255,5,1,22,6,N,A,N,A,H,D,A,07,S,01,E,,,,,I,Y,N,D,1,0,0,0,23152.0,1,38.35770253,-122.30981801,3
2015,2015-05-14,525,5,1,5,4,N,A,Y,A,H,A,A,01,S,08,A,,,,,C,Y,N,D,1,0,0,0,22107.0,2,38.25821063,-122.35577502,4
2015,2015-05-19,1715,5,1,17,2,N,A,Y,A,H,A,A,01,N,03,C,,,,,C,Y,N,D,1,0,0,0,22350.0,2,38.25484841,-122.37008285,4
2015,2015-05-14,2128,5,1,21,4,N,A,N,A,H,D,A,01,N,03,E,,,,,I,Y,N,D,4,0,0,0,22350.0,1,38.36857054,-122.2519573,2
2015,2015-05-20,1830,5,1,18,3,N,A,N,A,H,A,C,02,E,08,E,,,Y,,I,Y,N,D,1,0,0,1,22107.0,1,38.3403471,-122.2617065,3
2015,2015-05-22,1730,5,1,17,5,N,A,Y,A,H,A,C,02,N,03,F,,,Y,,A,N,N,D,1,0,0,1,22350.0,1,38.26580322,-122.29878345,3
2015,2015-05-31,1225,5,1,12,7,N,A,N,A,H,A,A,01,W,03,C,,,,,C,N,N,A,1,0,0,0,22350.0,3,38.16557418,-122.25125744,4
2015,2015-05-29,744,5,1,7,5,N,B,N,A,H,A,A,01,S,08,C,,,,,E,N,N,D,2,0,0,0,22107.0,2,38.50264935,-122.47437617,3
2015,2015-06-04,1452,6,2,14,4,Y,A,N,A,H,A,-,99,,00,B,,Y,,,G,N,F,D,1,0,1,0,21760.0,2,38.3041699,-122.28727993,4
2015,2015-06-08,1109,6,2,11,1,Y,A,Y,A,H,A,A,01,,01,C,,,,,C,Y,N,A,2,0,0,0,23152.0,2,38.33072329,-122.31737555,3
2015,2015-06-05,1958,6,2,19,5,N,A,N,A,H,B,A,01,S,01,B,,,,,C,Y,F,D,3,0,0,0,23152.0,2,38.28535695,-122.27079232,2
2015,2015-01-16,2132,1,4,21,5,N,A,Y,A,H,C,A,01,,03,C,,,,,C,N,N,A,1,0,0,0,22350.0,3,38.330457,-122.31685194,4
2015,2015-05-23,1518,5,1,15,6,N,A,N,A,H,A,L,04,W,05,D,,Y,,,G,N,N,D,1,0,1,0,21650.0,2,38.32177064,-122.30603031,4
2015,2015-05-26,937,5,1,9,2,Y,A,,A,H,A,A,01,,17,D,,Y,,,G,,N,A,1,0,1,0,21451.0,2,38.30461993,-122.29462997,3
2015,2015-05-27,1440,5,1,14,3,Y,A,N,A,H,A,A,01,,08,C,,,,,C,N,N,A,1,0,0,0,22107.0,2,38.2962299,-122.28061993,4
2015,2015-05-30,1329,5,1,13,6,N,A,Y,A,H,A,L,04,N,08,D,,Y,,,G,,N,A,1,0,1,0,22107.0,2,38.30262799,-122.27650336,3
2015,2015-05-26,1619,5,1,16,2,N,A,N,A,H,A,A,01,W,03,C,,,,,C,N,N,D,2,0,0,0,22350.0,2,38.28027121,-122.27033133,4
2015,2015-05-24,1752,5,1,17,7,Y,A,N,A,H,A,-,- ,,18,E,,,,,I,Y,N,D,1,0,0,0,,1,38.17177996,-122.24900993,4
2015,2015-06-02,1247,6,2,12,2,Y,A,Y,A,H,A,A,01,,09,D,,,,,C,Y,N,D,2,0,0,0,21801.0,2,38.48845026,-122.34957132,4
2015,2015-06-01,920,6,2,9,1,N,B,Y,B,H,A,A,01,S,07,D,,,,Y,C,Y,N,D,1,0,0,0,21658.0,2,38.3184921,-122.30747841,3
2015,2015-05-28,1420,5,1,14,4,N,A,Y,A,D,A,A,01,N,03,D,,,,,E,Y,N,D,1,0,0,0,22350.0,2,38.34963209,-122.23592691,3
2015,2015-06-02,1015,6,2,10,2,N,A,Y,A,H,A,A,01,N,03,C,,,,,C,Y,N,A,2,0,0,0,22350.0,2,38.20778603,-122.25629698,3
2015,2015-06-05,611,6,2,6,5,N,B,N,A,H,A,A,01,E,03,C,,,,,C,N,N,A,2,0,0,0,22350.0,2,38.16546658,-122.24885375,4
2015,2015-06-11,1715,6,2,17,4,Y,A,Y,A,H,A,E,22,,03,C,,,,,C,Y,N,D,1,0,0,0,22350.0,2,38.5765013,-122.58403537,3
2015,2015-06-08,1715,6,2,17,1,N,A,Y,A,H,A,C,02,W,05,D,,,Y,,C,N,N,D,1,0,0,1,21460.0,2,38.59145662,-122.61035617,3
2015,2015-06-15,1300,6,2,13,1,N,A,Y,A,H,A,D,22,S,08,D,,,,,C,Y,N,D,1,0,0,0,22107.0,2,38.23361678,-122.25993334,4
2015,2015-06-16,1045,6,2,10,2,Y,A,N,A,H,A,D,22,,03,C,,,,,C,Y,N,D,3,0,0,0,22350.0,2,38.57085995,-122.51681992,4
2015,2015-06-15,2200,6,2,22,1,N,A,Y,A,H,C,D,22,N,01,C,,,,,C,N,N,A,2,0,0,0,23152.0,2,38.2233988,-122.25803454,4
2015,2015-06-13,1338,6,2,13,6,N,A,Y,A,H,A,D,22,N,03,C,,,,,C,Y,N,D,1,0,0,0,22350.0,2,38.227515,-122.2581557,4
2015,2015-05-18,255,5,1,2,1,N,A,N,A,H,D,A,01,S,01,E,,,,,J,Y,N,D,1,0,0,0,23152.0,1,38.61351014,-122.41431178,4
2015,2015-05-24,1640,5,1,16,7,N,A,Y,A,H,A,C,02,E,03,F,,,Y,,A,Y,N,D,1,0,0,1,22350.0,1,38.49157911,-122.33509207,2
2015,2015-06-10,245,6,2,2,3,N,C,Y,B,H,D,A,01,N,03,E,,,,,I,Y,N,D,1,0,0,0,22350.0,1,38.5328045,-122.50476688,4
2015,2015-06-15,1240,6,2,12,1,N,A,Y,A,H,A,A,01,S,08,E,,,,,I,Y,N,D,1,0,0,0,22107.0,1,38.3633624,-122.20211737,4
2015,2015-06-16,420,6,2,4,2,N,B,Y,A,H,D,A,07,N,01,E,,,,,I,Y,N,D,1,0,0,0,23152.0,1,38.35561005,-122.20077351,3
2015,2015-06-11,353,6,2,3,4,N,A,N,A,H,D,A,07,S,03,E,,,,,I,Y,N,D,1,0,0,0,22350.0,1,38.56366732,-122.51311558,4
2015,2015-06-05,1640,6,2,16,5,N,A,N,A,H,A,A,01,S,08,D,,,,,C,Y,N,D,3,0,0,0,22105.0,2,38.49467877,-122.42099095,4
2015,2015-06-17,1430,6,2,14,3,N,A,N,A,H,A,A,01,E,03,F,,,,,I,Y,N,D,1,0,0,0,22350.0,1,38.27261585,-122.32952214,3
2015,2015-06-07,209,6,2,2,7,N,A,Y,A,H,D,A,01,S,03,E,,,,,I,Y,N,D,1,0,0,0,22350.0,1,38.63872879,-122.60007226,2
2015,2015-05-27,1515,5,1,15,3,N,A,N,A,H,A,A,07,E,03,C,,,,,C,Y,N,A,2,0,0,0,22350.0,4,38.32490792,-122.28462706,4
2015,2015-06-14,1310,6,2,13,7,N,A,Y,A,H,A,D,22,S,03,C,,,,,C,Y,N,D,2,0,0,0,22350.0,3,38.24885508,-122.27037499,4
2015,2015-06-21,1100,6,2,11,7,N,A,Y,A,H,A,D,22,S,08,F,,,,,I,Y,N,D,2,0,0,0,22107.0,1,38.66730216,-122.58914169,4
2015,2015-06-21,2155,6,2,21,7,N,A,Y,A,H,D,D,22,N,05,A,,,,,C,Y,N,D,2,0,0,0,21460.0,2,38.65310991,-122.59986587,3
2015,2015-05-24,1555,5,1,15,7,N,A,Y,A,H,A,C,02,N,03,C,,,Y,,C,Y,N,A,2,0,0,2,22350.0,2,38.16405696,-122.25305023,2
2015,2015-05-14,1640,5,1,16,4,N,B,Y,B,H,A,A,01,N,03,B,,,,,C,Y,N,D,1,0,0,0,22350.0,2,38.64880477,-122.59340378,4
2015,2015-05-24,1635,5,1,16,7,N,A,Y,A,H,A,C,02,S,08,F,,,Y,,A,Y,N,D,2,0,0,2,22107.0,1,38.39050001,-122.20195526,3
2015,2015-05-25,414,5,1,4,1,N,A,Y,A,H,D,A,07,W,08,F,,,,,A,Y,N,D,1,0,0,0,22107.0,1,38.60243034,-122.62826778,4
2015,2015-05-30,745,5,1,7,6,N,A,Y,A,H,A,C,02,E,08,E,,,Y,,I,Y,N,D,1,0,0,1,22107.0,1,38.47696403,-122.13686789,2
2015,2015-05-29,2120,5,1,21,5,N,A,Y,A,H,C,A,01,S,08,G,Y,,,,B,N,N,D,1,1,0,0,22107.0,2,38.26166219,-122.27080061,3
2015,2015-05-29,1400,5,1,14,5,N,A,N,A,H,A,C,02,S,08,F,,,Y,,A,Y,N,D,1,0,0,1,22107.0,1,38.68431721,-122.44655195,2
2015,2015-05-24,1330,5,1,13,7,N,A,N,A,H,A,A,07,N,08,H,,Y,,,G,N,N,D,1,0,1,0,22107.0,2,38.53189786,-122.4712075,4
2015,2015-06-01,925,6,2,9,1,N,B,Y,B,H,A,A,01,S,08,D,,,,,C,Y,N,D,1,0,0,0,22107.0,2,38.63542793,-122.60143792,4
2015,2015-06-01,1445,6,2,14,1,N,B,Y,B,H,A,A,01,S,08,E,,,,,I,Y,N,D,1,0,0,0,22107.0,1,38.64136176,-122.59643651,4
2015,2015-06-06,1300,6,2,13,6,N,A,Y,A,H,A,A,01,N,07,B,,,,,C,N,N,D,2,0,0,0,21658.0,2,38.28650517,-122.30067714,3
2015,2015-06-01,2210,6,2,22,1,N,A,Y,A,H,D,A,01,S,08,E,,,,,I,Y,N,D,1,0,0,0,22107.0,1,38.67450724,-122.59164441,4
2015,2015-06-05,1957,6,2,19,5,Y,A,Y,A,H,C,A,01,,01,C,,,,,C,Y,F,A,1,0,0,0,23152.0,3,38.28155877,-122.2742425,2
2015,2015-06-01,1238,6,2,12,1,Y,B,N,A,H,A,A,01,,09,D,,,,,C,Y,N,D,1,0,0,0,21801.0,2,38.30609991,-122.28518989,4
2015,2015-06-18,1531,6,2,15,4,N,A,N,A,H,A,D,22,S,03,C,,,,,C,Y,N,A,3,0,0,0,22350.0,2,38.31854674,-122.29869649,4
2015,2015-06-19,2130,6,2,21,5,Y,A,N,A,H,C,A,01,,09,D,,,,,C,Y,N,A,1,0,0,0,21801.0,2,38.30652989,-122.30631986,3