ACCIDENT_YEAR,COLLISION_DATE,COLLISION_TIME,MONTH,SEASON,24HOURS,DAY_OF_WEEK,INTERSECTION,WEATHER_1,STATE_HWY_IND,ROAD_SURFACE,ROAD_COND_1,LIGHTING,STWD_VEHTYPE_AT_FAULT,CHP_VEHTYPE_AT_FAULT,DIRECTION,PCF_VIOL_CATEGORY,TYPE_OF_COLLISION,PEDESTRIAN_ACCIDENT,BICYCLE_ACCIDENT,MOTORCYCLE_ACCIDENT,TRUCK_ACCIDENT,MVIW,TOW_AWAY,HIT_AND_RUN,CONTROL_DEVICE,NUMBER_INJURED,COUNT_PED_INJURED,COUNT_BICYCLIST_INJURED,COUNT_MC_INJURED,PCF_VIOLATION,PARTY_COUNT,POINT_Y,POINT_X,COLLISION_SEVERITY
2018,2018-09-13,2030,9,3,20,4,N,A,N,A,H,D,A,08,N,08,E,,,,,I,Y,N,D,2,0,0,0,22107.0,1,38.3460693359375,-122.37723541259766,4
2018,2018-09-12,1550,9,3,15,3,N,A,Y,A,H,A,L,04,N,03,F,,Y,,,A,N,N,D,1,0,1,0,22350.0,1,38.482852935791016,-122.44290924072266,2
2018,2018-09-15,1635,9,3,16,6,N,A,Y,A,H,A,A,01,S,08,E,,,,,I,Y,N,D,1,0,0,0,22107.0,1,38.632755279541016,-122.60254669189452,4
2018,2018-09-17,1500,9,3,15,1,N,A,N,A,H,A,D,22,N,03,C,,,,,C,N,M,D,1,0,0,0,22350.0,3,38.497116088867195,-122.42444610595705,4
2018,2018-09-20,845,9,3,8,4,N,A,Y,A,H,A,A,01,E,03,C,,,,,C,N,N,A,1,0,0,0,22350.0,3,38.2231674194336,-122.25788879394533,4
2018,2018-08-30,220,8,2,2,4,N,A,Y,A,H,D,D,22,N,08,E,,,,,I,Y,N,D,1,0,0,0,22107.0,1,38.640018463134766,-122.59815979003906,3
2018,2018-09-20,1408,9,3,14,4,N,A,N,A,H,A,D,22,S,08,E,,,,,I,Y,N,D,2,0,0,0,22107.0,1,38.59278106689453,-122.26669311523438,2
2018,2018-09-20,405,9,3,4,4,N,A,Y,A,H,C,A,01,N,01,E,,,,,I,Y,N,D,1,0,0,0,23152.0,1,38.4367561340332,-122.40277099609376,2
2018,2018-09-24,1550,9,3,15,1,N,A,N,A,H,A,C,02,W,08,A,,,Y,,C,Y,N,D,1,0,0,1,22107.0,2,38.4549217224121,-122.36668395996094,3
2018,2018-09-24,2147,9,3,21,1,N,A,Y,A,H,D,A,01,N,01,E,,,,,I,Y,N,D,1,0,0,0,23152.0,1,38.26122283935546,-122.30021667480467,2
2018,2018-09-27,710,9,3,7,4,N,A,Y,A,H,A,A,07,N,03,E,,,,,I,Y,N,A,2,0,0,0,22350.0,1,38.35564804077149,-122.2126922607422,3
2020,2020-03-12,1738,3,1,17,4,N,A,N,A,H,A,A,01,N,09,D,,Y,,,G,N,M,A,1,0,1,0,21804.0,2,,,4
2020,2020-03-14,138,3,1,1,6,N,C,Y,B,H,C,A,01,S,01,C,,,,,C,Y,N,D,2,0,0,0,23153.0,2,38.16342544555664,-122.2529067993164,3
2020,2020-03-11,1638,3,1,16,3,Y,A,N,A,H,A,L,04,,12,D,,Y,,,G,N,N,D,1,0,1,0,22450.0,2,,,3
2020,2020-03-20,745,3,1,7,5,Y,A,N,A,H,A,A,01,,10,G,Y,,,,B,N,N,A,1,1,0,0,21950.0,2,38.29629135131836,-122.34172058105467,3
2018,2018-09-26,1430,9,3,14,3,N,A,N,A,H,A,D,22,N,03,C,,,,,C,Y,N,D,3,0,0,0,22350.0,2,38.33468246459961,-122.28092956542967,4
2018,2018-09-28,850,9,3,8,5,N,A,N,A,H,A,A,01,W,08,E,,,,,I,Y,N,D,1,0,0,0,22107.0,1,38.34743881225586,-122.15770721435548,3
2018,2018-09-28,1550,9,3,15,5,N,A,Y,A,H,A,A,01,S,03,C,,,,,C,Y,N,A,1,0,0,0,22350.0,2,38.207157135009766,-122.25602722167967,4
2018,2018-09-27,1805,9,3,18,4,N,A,Y,A,H,A,A,01,N,03,A,,,,,C,Y,N,D,2,0,0,0,22350.0,2,38.41297912597656,-122.20381927490234,4
2018,2018-09-30,1740,9,3,17,7,N,A,Y,A,H,A,D,22,S,07,C,,,,,C,Y,N,D,1,0,0,0,21658.0,2,38.2393913269043,-122.266357421875,4
2018,2018-10-03,1430,10,3,14,3,N,B,N,A,H,A,D,22,W,08,E,,,,,I,Y,N,D,1,0,0,0,22107.0,1,38.5562858581543,-122.45320892333984,3
2018,2018-10-01,1615,10,3,16,1,N,A,N,A,H,A,A,07,N,08,E,,,,,I,Y,N,D,1,0,0,0,22107.0,1,38.33298873901367,-122.14910125732422,4
2020,2020-03-12,1658,3,1,16,4,Y,A,N,A,H,A,A,01,,12,D,,,,,C,Y,N,A,1,0,0,0,21453.0,2,38.308841705322266,-122.29328918457033,4
2018,2018-09-30,2159,9,3,21,7,N,A,Y,A,H,D,A,01,S,08,E,,,,,I,Y,N,D,1,0,0,0,22107.0,1,38.6599998474121,-122.59744262695312,3
2020,2020-03-19,1032,3,1,10,4,Y,A,N,B,H,A,L,04,,09,D,,Y,,,G,N,N,A,1,0,1,0,21802.0,2,38.30495834350586,-122.29753112792967,3
2020,2020-03-16,856,3,1,8,1,Y,B,N,A,H,A,A,07,,09,D,,,,,C,Y,N,A,1,0,0,0,21802.0,2,38.322799682617195,-122.33209228515624,4
2018,2018-10-07,200,10,3,2,7,N,A,Y,A,H,D,A,01,W,01,E,,,,,I,Y,N,D,1,0,0,0,23152.0,1,38.221309661865234,-122.24224853515624,4
2020,2020-03-11,1809,3,1,18,3,Y,A,N,A,H,A,A,01,,09,A,,,,,C,N,N,A,1,0,0,0,21802.0,2,38.31718063354492,-122.3053970336914,4
2020,2020-03-11,1820,3,1,18,3,N,A,N,A,H,A,A,07,W,08,A,,,,,C,Y,N,D,1,0,0,0,22107.0,2,38.315372467041016,-122.2995376586914,3
2018,2018-09-30,1825,9,3,18,7,N,A,Y,A,H,A,D,22,W,03,H,,Y,,,G,N,N,D,1,0,1,0,22350.0,2,38.47928237915039,-122.37232971191406,2
2018,2018-10-06,1700,10,3,17,6,N,A,Y,A,H,A,C,02,N,03,F,,,Y,,A,Y,N,D,1,0,0,1,22350.0,1,38.348480224609375,-122.23632049560548,4
2018,2018-09-30,2104,9,3,21,7,N,A,N,A,H,D,A,08,N,01,B,,,,,C,Y,N,D,2,0,0,0,23152.0,2,38.272239685058594,-122.3300552368164,2
2018,2018-10-03,2020,10,3,20,3,N,B,Y,A,H,D,A,07,N,05,A,,,,,C,Y,N,D,3,0,0,0,21460.0,2,38.65524673461913,-122.59579467773438,2
2018,2018-10-03,1050,10,3,10,3,N,A,N,B,H,A,C,02,N,03,F,,,Y,,A,Y,N,A,1,0,0,1,22350.0,1,38.36896896362305,-122.3789291381836,3
2018,2018-10-05,1250,10,3,12,5,N,A,N,A,H,A,A,01,E,21,C,,,,,C,N,N,D,1,0,0,0,22106.0,3,38.28017425537109,-122.2676239013672,4
2018,2018-10-07,1643,10,3,16,7,N,A,N,A,H,A,C,02,W,08,E,,,Y,,I,N,N,D,1,0,0,1,22107.0,1,38.41524887084961,-122.42643737792967,2
2018,2018-10-08,1555,10,3,15,1,Y,A,Y,A,H,A,A,08,,09,D,,Y,,,G,N,N,D,1,0,1,0,21801.0,2,,,4
2018,2018-10-08,1055,10,3,10,1,N,A,Y,A,H,A,A,01,S,03,C,,,,,C,Y,N,D,1,0,0,0,22350.0,2,38.237422943115234,-122.2643814086914,4
2018,2018-10-09,1350,10,3,13,2,N,A,Y,A,H,A,C,02,S,08,E,,,Y,,I,Y,N,A,1,0,0,1,22107.0,1,38.36466217041016,-122.2024383544922,2
2018,2018-10-09,1430,10,3,14,2,N,A,Y,A,H,A,A,07,,08,E,,,,,I,Y,N,D,1,0,0,0,22107.0,1,38.645820617675774,-122.59005737304688,4
2018,2018-10-11,1800,10,3,18,4,N,A,Y,A,H,A,D,22,N,03,C,,,,,C,Y,N,D,2,0,0,0,22350.0,2,38.25520324707031,-122.36905670166016,4
2018,2018-10-05,1755,10,3,17,5,N,A,N,A,H,A,A,07,S,21,C,,,,,C,N,N,A,1,0,0,0,22106.0,2,38.34831619262695,-122.2673797607422,4
2018,2018-10-11,2020,10,3,20,4,N,A,N,A,H,D,A,01,W,21,C,,,Y,,C,Y,N,D,1,0,0,1,22106.0,2,38.340377807617195,-122.30108642578124,2
2018,2018-10-09,740,10,3,7,2,N,A,Y,A,H,A,A,01,N,03,C,,,,,C,N,N,A,1,0,0,0,22350.0,2,38.21238708496094,-122.25634002685548,4
2020,2020-03-07,2218,3,1,22,6,Y,A,N,A,H,C,A,01,,09,D,,,,,C,N,N,A,1,0,0,0,21803.0,2,38.298198699951165,-122.3002471923828,4
2018,2018-07-10,1111,7,2,11,2,N,A,Y,A,H,A,A,07,S,08,E,,,,,I,Y,N,D,0,0,0,0,22107.0,1,38.3908805847168,-122.3526611328125,1
2018,2018-10-12,1655,10,3,16,5,N,A,Y,A,H,A,A,07,S,03,C,,,,,C,Y,N,D,2,0,0,0,22350.0,2,38.25566864013672,-122.32986450195312,4
2018,2018-10-12,600,10,3,6,5,N,B,Y,A,H,D,D,22,N,05,A,,,,,C,Y,N,D,1,0,0,0,21460.0,2,38.62964630126953,-122.60282135009766,4
2018,2018-10-14,750,10,3,7,7,N,B,N,A,H,A,-,- ,N,18,E,,,Y,,H,N,N,D,1,0,0,1,,1,38.520893096923835,-122.53431701660156,4
2018,2018-10-16,410,10,3,4,2,N,A,N,A,H,D,C,02,S,08,E,,,Y,,I,Y,N,D,1,0,0,1,22107.0,1,38.57421112060546,-122.5459442138672,2
2018,2018-10-17,535,10,3,5,3,Y,A,N,A,H,D,A,01,,09,D,,,,,C,Y,N,A,2,0,0,0,21802.0,2,38.36999130249024,-122.30091857910156,3
2018,2018-10-19,1410,10,3,14,5,N,A,Y,A,H,A,A,07,S,03,C,,,,,C,N,N,A,1,0,0,0,22350.0,2,38.28189086914063,-122.30023956298828,4
2018,2018-10-25,530,10,3,5,4,N,A,N,A,H,D,A,01,W,08,E,,,,,I,Y,N,D,2,0,0,0,22107.0,1,38.615230560302734,-122.42813873291016,4
2018,2018-10-20,1900,10,3,19,6,Y,A,N,A,H,D,A,01,,06,B,,,,,C,N,N,D,1,0,0,0,21750.0,2,38.488364,-122.19331,4
2018,2018-10-20,214,10,3,2,6,N,A,Y,A,H,D,D,22,N,01,E,,,,,I,Y,N,D,1,0,0,0,23152.0,1,38.264686584472656,-122.29890441894533,3
2018,2018-10-21,2200,10,3,22,7,N,A,Y,A,H,D,C,02,W,01,E,,,Y,,I,Y,N,D,1,0,0,1,23152.0,1,38.4872932434082,-122.30528259277344,4
2018,2018-10-22,35,10,3,0,1,N,A,N,A,H,D,A,07,W,01,E,,,,,I,Y,N,D,1,0,0,0,23152.0,1,38.531925201416016,-122.47727966308594,3
2018,2018-10-22,1750,10,3,17,1,N,A,Y,A,H,A,A,01,S,08,E,,,,,I,Y,N,D,1,0,0,0,22107.0,1,38.25452423095703,-122.27165222167967,4
2018,2018-07-18,1620,7,2,16,3,N,A,Y,A,H,A,A,01,S,07,E,,,,,I,Y,F,D,1,0,0,0,21658.0,2,38.24684524536133,-122.26982879638672,1
2018,2018-10-25,2320,10,3,23,4,N,A,N,A,H,D,A,01,S,03,E,,,,,I,Y,N,D,1,0,0,0,22350.0,1,38.581031799316406,-122.45104217529295,4
2018,2018-10-24,755,10,3,7,3,N,B,N,A,H,A,A,01,N,08,E,,,,,I,Y,N,D,1,0,0,0,22107.0,1,38.60354232788086,-122.40511322021484,3
2018,2018-10-26,645,10,3,6,5,N,A,Y,A,H,A,A,01,N,03,C,,,,,C,Y,N,A,1,0,0,0,22350.0,3,38.24234008789063,-122.2688446044922,2
2018,2018-10-26,1700,10,3,17,5,N,A,Y,A,H,A,A,07,S,03,C,,,,,C,Y,N,D,2,0,0,0,22350.0,2,38.44737243652344,-122.41242980957033,3
2018,2018-10-28,1115,10,3,11,7,N,A,N,A,H,A,A,01,S,08,E,,,,,I,Y,N,D,3,0,0,0,22107.0,1,38.69402313232422,-122.4445343017578,3
2018,2018-10-29,1830,10,3,18,1,N,A,N,A,H,D,-,- ,N,18,E,,,,,I,Y,N,D,1,0,0,0,,1,38.415504455566406,-122.29463958740234,3
2018,2018-10-30,715,10,3,7,2,N,A,Y,A,H,A,A,01,E,03,C,,,,,C,N,N,D,1,0,0,0,22350.0,2,38.221538543701165,-122.24679565429688,4
2018,2018-10-31,1050,10,3,10,3,N,A,Y,A,H,A,A,01,S,03,C,,,,,C,Y,N,A,2,0,0,0,22350.0,2,38.20675277709961,-122.25624084472656,4
2018,2018-11-01,630,11,3,6,4,N,B,Y,A,H,B,A,01,N,08,E,,,,,I,Y,N,D,1,0,0,0,22107.0,1,38.65519332885742,-122.59729766845705,4
2018,2018-10-28,54,10,3,0,7,N,A,Y,A,H,D,A,01,N,01,A,,,,,C,Y,N,A,1,0,0,0,23152.0,2,38.21230697631836,-122.2565689086914,4
2018,2018-11-04,1440,11,3,14,7,N,A,N,A,H,A,A,01,E,08,E,,,,,I,Y,N,D,1,0,0,0,22107.0,1,38.51720428466797,-122.46047973632812,3
2018,2018-11-05,1812,11,3,18,1,N,A,Y,A,H,D,A,01,E,08,E,,,,,I,Y,N,D,1,0,0,0,22107.0,1,38.22128677368164,-122.24609375,4
2018,2018-11-02,900,11,3,9,5,N,B,Y,A,H,A,A,07,S,03,C,,,,,C,Y,N,D,1,0,0,0,22350.0,3,,,3
2018,2018-11-04,2258,11,3,22,7,Y,A,Y,A,H,C,A,01,,12,A,,,,,C,Y,N,A,2,0,0,0,21453.0,2,38.223140716552734,-122.25778198242188,3
2018,2018-11-05,755,11,3,7,1,N,A,Y,A,H,A,D,22,S,08,A,,,,,C,Y,N,A,1,0,0,0,22107.0,2,,,4
2018,2018-11-02,1105,11,3,11,5,N,A,Y,A,H,A,A,01,S,03,C,,,,,C,Y,N,A,4,0,0,0,22350.0,3,38.3515625,-122.33052825927734,4
2018,2018-10-27,1540,10,3,15,6,N,A,Y,A,H,A,C,02,S,03,F,,,Y,,A,Y,N,D,1,0,0,1,22350.0,1,38.3921012878418,-122.20198059082033,4
2018,2018-11-04,1220,11,3,12,7,Y,A,N,A,H,A,A,01,,08,D,,,,,C,Y,N,D,2,0,0,0,22107.0,2,38.36999130249024,-122.30091857910156,3
2018,2018-11-03,1000,11,3,10,6,N,A,Y,A,H,A,A,07,S,08,E,,,,,I,Y,N,D,1,0,0,0,22107.0,1,38.66804504394531,-122.5883560180664,2
2018,2018-11-05,1030,11,3,10,1,N,A,Y,A,H,A,A,01,S,04,C,,,,,C,Y,N,A,1,0,0,0,21703.0,2,38.236862182617195,-122.2634048461914,4
2018,2018-11-07,1640,11,3,16,3,N,A,N,A,H,A,A,01,N,08,E,,,,,I,Y,N,D,1,0,0,0,22107.0,1,38.33179473876953,-122.2530517578125,3
2018,2018-11-09,1700,11,3,17,5,Y,A,Y,A,H,A,A,07,,09,D,,,,,C,Y,N,A,3,0,0,0,21801.0,2,38.5887565612793,-122.60708618164062,4
2018,2018-11-08,2337,11,3,23,4,N,A,N,A,H,D,A,07,W,01,E,,,,,I,Y,N,D,2,0,0,0,23152.0,1,38.34369659423828,-122.33969879150392,2
2018,2018-11-12,2055,11,3,20,1,N,A,N,A,H,D,A,01,S,09,D,,,,,C,Y,N,D,2,0,0,0,21804.0,2,38.35520553588867,-122.30794525146484,4
2018,2018-11-14,925,11,3,9,3,N,A,Y,A,H,A,D,22,N,03,C,,,,,C,Y,N,D,2,0,0,0,22350.0,3,38.30073928833008,-122.3031005859375,4
2018,2018-11-15,1120,11,3,11,4,Y,A,Y,A,H,A,D,22,,06,B,,,,,C,Y,N,D,2,0,0,0,21755.0,2,38.56203079223633,-122.540771484375,4
2018,2018-11-15,1658,11,3,16,4,N,A,N,A,H,B,A,07,W,08,E,,,,,I,Y,N,D,1,0,0,0,22107.0,1,38.421772003173835,-122.41722869873048,2
2018,2018-11-16,1358,11,3,13,5,N,A,Y,A,C,A,A,01,N,03,C,,,,,C,Y,N,D,3,0,0,0,22350.0,3,,,4
2018,2018-11-09,2154,11,3,21,5,N,A,N,A,H,D,D,22,N,01,B,,,,,C,Y,F,D,1,0,0,0,23152.0,2,38.33339691162109,-122.28006744384766,4
2018,2018-11-20,1815,11,3,18,2,N,A,Y,A,H,D,A,01,N,03,C,,,,,C,Y,M,A,1,0,0,0,22350.0,3,38.20778274536133,-122.25629425048828,4
2018,2018-11-20,230,11,3,2,2,N,A,N,A,H,D,L,04,N,08,F,,Y,,,A,N,N,D,1,0,1,0,22107.0,1,38.24051284790039,-122.2703857421875,3
2018,2018-11-13,1055,11,3,10,2,N,A,N,A,H,A,A,07,W,08,E,,,,,I,Y,N,D,1,0,0,0,22107.0,1,38.286746978759766,-122.3180923461914,4
2018,2018-11-14,2330,11,3,23,3,N,A,Y,A,H,D,A,01,N,08,E,,,,,I,N,N,D,1,0,0,0,22107.0,1,38.531768798828125,-122.50439453125,4
2018,2018-11-17,1445,11,3,14,6,N,A,Y,A,H,A,A,07,S,01,C,,,,,C,Y,N,A,3,0,0,0,23152.0,2,38.321319580078125,-122.30786895751952,4
2018,2018-11-17,2215,11,3,22,6,N,A,N,A,H,D,A,01,E,01,E,,,,,I,N,N,D,1,0,0,0,23152.0,1,38.36935424804688,-122.28529357910156,4
2018,2018-11-17,30,11,3,0,6,N,A,N,A,H,D,A,07,N,08,E,,,,,I,Y,N,D,2,0,0,0,22107.0,1,38.84418869018555,-122.37655639648438,2
2018,2018-11-17,1020,11,3,10,6,Y,A,N,A,H,A,A,01,,09,D,,,Y,,C,N,N,D,1,0,0,1,21802.0,2,38.282711029052734,-122.26554107666016,2
2018,2018-11-18,1850,11,3,18,7,N,A,Y,A,H,C,A,01,N,03,C,,,,,C,Y,N,A,1,0,0,0,22350.0,2,38.24204254150391,-122.27071380615234,4
2018,2018-11-19,1755,11,3,17,1,N,A,Y,A,H,D,A,01,S,08,E,,,,,I,Y,N,D,1,0,0,0,22107.0,1,38.59462738037109,-122.58116912841795,4
2018,2018-11-20,1240,11,3,12,2,N,A,N,A,H,A,A,01,N,08,E,,,,,I,Y,N,A,1,0,0,0,22107.0,1,38.5216178894043,-122.3494873046875,4
2018,2018-11-20,1724,11,3,17,2,N,A,Y,A,H,D,A,01,E,08,E,,,,,I,Y,N,D,1,0,0,0,22107.0,1,38.487098693847656,-122.39934539794922,4
2018,2018-11-21,505,11,3,5,3,N,B,Y,B,H,C,D,22,S,09,C,,,,,C,Y,N,D,3,0,0,0,21801.0,3,38.476993560791016,-122.43598175048828,2
2018,2018-11-23,1625,11,3,16,5,N,C,Y,B,H,D,A,01,N,05,A,,,,,C,Y,N,A,1,0,0,0,21460.0,2,38.37688064575195,-122.20206451416016,4
2020,2020-04-28,1554,4,1,15,2,N,A,N,A,H,A,A,01,E,08,G,Y,,,,B,N,N,A,1,1,0,0,22107.0,2,38.506023406982415,-122.46947479248048,4
2018,2018-11-23,1448,11,3,14,5,N,C,Y,B,H,A,A,01,N,03,A,,,,,C,Y,N,D,2,0,0,0,22350.0,2,38.64766311645508,-122.59038543701172,4
2018,2018-11-27,1630,11,3,16,2,N,B,Y,B,H,D,A,01,N,08,E,,,,,I,Y,N,D,1,0,0,0,22107.0,1,38.3552131652832,-122.20077514648438,4
2018,2018-11-29,2120,11,3,21,4,N,B,Y,B,H,C,A,01,N,08,E,,,,,I,Y,N,D,1,0,0,0,22107.0,1,38.310222625732415,-122.30562591552734,4
2018,2018-11-23,1744,11,3,17,5,N,C,Y,B,H,D,A,01,S,03,E,,,,,I,Y,N,D,1,0,0,0,22350.0,1,38.30490112304688,-122.30429840087892,4
2018,2018-11-29,1358,11,3,13,4,N,B,N,B,H,A,A,01,W,03,E,,,,,I,Y,N,D,1,0,0,0,22350.0,1,38.5552864074707,-122.45393371582033,4
2018,2018-12-03,1555,12,4,15,1,N,A,Y,A,H,A,A,07,S,08,E,,,,,I,Y,N,D,1,0,0,0,22107.0,1,38.35293960571289,-122.22446441650392,4
2018,2018-12-01,345,12,4,3,6,Y,C,Y,B,H,C,A,01,,01,E,,,,,I,Y,M,D,1,0,0,0,23152.0,1,38.25458526611328,-122.33612060546876,3
2018,2018-12-02,1210,12,4,12,7,N,B,Y,A,H,A,-,- ,E,18,H,,,Y,,H,Y,N,D,1,0,0,1,,1,38.49030685424805,-122.3259735107422,4
2020,2020-03-26,1855,3,1,18,4,Y,A,Y,A,H,A,A,01,,08,A,,,,,I,Y,N,A,2,0,0,0,22107.0,1,38.2994270324707,-122.27584075927734,2
2018,2018-12-04,430,12,4,4,2,Y,A,Y,A,H,C,D,22,,09,D,,,,,C,Y,N,A,1,0,0,0,21453.0,3,38.22309494018555,-122.2580108642578,4
2018,2018-11-28,2125,11,3,21,3,N,C,N,B,H,D,A,07,E,01,E,,,,,I,N,N,D,1,0,0,0,23152.0,1,38.531925201416016,-122.47018432617188,3
2018,2018-11-25,2020,11,3,20,7,N,B,N,B,H,D,D,22,N,01,E,,,,,I,Y,N,D,1,0,0,0,23152.0,1,38.34464645385742,-122.37722778320312,3
2018,2018-11-28,1355,11,3,13,3,N,B,Y,A,H,A,D,22,W,08,D,,,,,C,Y,N,D,1,0,0,0,22107.0,2,38.252403259277344,-122.37570190429688,4
2018,2018-12-01,2105,12,4,21,6,N,A,Y,A,H,D,A,01,N,03,C,,,,,C,N,N,D,1,0,0,0,22350.0,2,38.24370956420898,-122.28389739990234,4
2018,2018-12-05,815,12,4,8,3,N,B,Y,B,H,A,A,08,N,03,C,,,,,C,N,N,D,1,0,0,0,22350.0,4,38.23007583618164,-122.25837707519533,4
2018,2018-11-28,2355,11,3,23,3,N,B,N,B,H,D,A,01,N,01,E,,,,,I,N,N,D,1,0,0,0,23152.0,1,38.31686782836913,-122.27487182617188,2
2018,2018-11-30,2139,11,3,21,5,Y,A,N,A,H,D,A,01,,01,E,,,,,I,Y,N,A,1,0,0,0,23152.0,1,38.30364990234375,-122.23780822753906,3
2018,2018-12-05,1225,12,4,12,3,N,B,Y,B,H,A,-,- ,N,00,B,,,,,C,N,N,D,1,0,0,0,,2,38.220569610595696,-122.26986694335938,4
2018,2018-12-07,1235,12,4,12,5,N,A,Y,A,H,A,D,22,N,03,C,,,,,C,Y,N,A,2,0,0,0,22350.0,2,38.353076934814446,-122.33152770996094,3
2018,2018-12-07,1900,12,4,19,5,N,A,Y,A,H,D,A,01,N,01,E,,,,,J,Y,N,D,1,0,0,0,23152.0,1,38.67832946777344,-122.5908432006836,2
2018,2018-12-08,1540,12,4,15,6,N,A,Y,A,H,A,D,22,S,01,E,,,,,I,Y,N,D,1,0,0,0,23152.0,1,38.29940032958984,-122.30290222167967,4
2018,2018-12-10,2230,12,4,22,1,N,A,Y,A,H,D,A,01,W,08,E,,,,,I,Y,M,D,1,0,0,0,22107.0,1,38.614540100097656,-122.40412139892578,3
2018,2018-12-11,1715,12,4,17,2,N,A,N,A,H,D,A,07,S,05,A,,,,,C,Y,N,D,2,0,0,0,21460.0,2,38.351173400878906,-122.33091735839844,3
2018,2018-12-15,600,12,4,6,6,N,B,Y,B,H,D,A,01,W,08,E,,,,,I,Y,N,A,1,0,0,0,22107.0,1,38.22139739990234,-122.24024963378906,3
2018,2018-12-16,1610,12,4,16,7,N,C,Y,B,H,B,A,07,N,03,C,,,,,C,Y,N,D,1,0,0,0,22350.0,3,38.25495529174805,-122.34018707275392,4
2018,2018-12-12,1245,12,4,12,3,N,A,Y,A,H,A,A,07,S,07,B,,,,,C,Y,N,D,1,0,0,0,21658.0,2,38.28166198730469,-122.30042266845705,4
2018,2018-12-12,745,12,4,7,3,N,A,N,A,H,A,L,04,N,08,H,,Y,,,G,N,N,D,1,0,1,0,22107.0,1,38.582122802734375,-122.6272201538086,3
2018,2018-12-21,128,12,4,1,5,N,C,N,B,H,D,A,07,S,08,E,,,,,I,Y,N,D,1,0,0,0,22107.0,1,38.494140625,-122.42037200927734,3
2018,2018-12-20,2135,12,4,21,4,N,C,N,B,H,D,A,01,S,03,E,,,,,I,Y,N,D,1,0,0,0,22350.0,1,38.61237335205078,-122.42975616455078,3
2018,2018-12-14,1240,12,4,12,5,N,B,Y,B,H,A,A,01,N,03,E,,,,,I,Y,N,D,1,0,0,0,22350.0,1,38.61432266235352,-122.59677886962892,3
2018,2018-12-14,2020,12,4,20,5,N,A,Y,B,H,C,D,22,S,01,C,,,,,C,N,N,D,2,0,0,0,23152.0,2,38.239421844482415,-122.26639556884766,4
2018,2018-12-21,1115,12,4,11,5,Y,B,Y,B,H,A,D,22,,12,D,,,,,C,Y,N,A,2,0,0,0,21453.0,2,,,4
2018,2018-12-13,2110,12,4,21,4,N,A,N,A,H,D,A,07,E,08,E,,,,,I,Y,N,D,1,0,0,0,22107.0,1,38.165775299072266,-122.21136474609376,3
2018,2018-12-20,1705,12,4,17,4,N,A,Y,A,H,D,A,07,N,01,C,,,,,C,Y,N,D,4,0,0,0,23152.0,3,38.24567413330078,-122.26952362060548,3
2018,2018-12-18,1626,12,4,16,2,N,C,Y,B,H,B,A,01,N,03,A,,,,,C,Y,N,D,1,0,0,0,22350.0,2,38.61033248901367,-122.59415435791016,3
2018,2018-12-17,640,12,4,6,1,N,C,Y,A,H,D,A,01,E,08,E,,,,,I,Y,N,D,1,0,0,0,22107.0,1,38.50508499145508,-122.28397369384766,4
2018,2018-12-21,1618,12,4,16,5,N,A,Y,A,H,A,A,01,S,03,C,,,,,C,Y,N,D,2,0,0,0,22350.0,2,38.23965072631836,-122.26666259765624,4
2018,2018-11-03,1300,11,3,13,6,N,A,Y,A,H,A,A,01,E,03,A,,,,,C,Y,N,D,5,0,0,0,22350.0,2,,,2
2018,2018-12-23,1734,12,4,17,7,N,B,Y,B,H,D,A,01,N,03,A,,,,,C,Y,N,D,1,0,0,0,22350.0,2,38.62032318115234,-122.5971908569336,4
2018,2018-12-26,1525,12,4,15,3,N,A,Y,A,H,A,D,22,W,08,D,,,Y,,C,Y,N,D,1,0,0,1,22107.0,2,38.59404754638672,-122.61393737792967,4
2018,2018-12-26,1740,12,4,17,3,N,B,Y,A,H,C,D,22,N,03,C,,,,,C,Y,N,A,4,0,0,0,22350.0,3,,,4